kind	event	arm	id	cluster	pdg	length_cm	energy_mev	gap_cm
A	72786	work-pr125r1-flipS141-mcp2k	9004	9	13	143.5	0.0	2.37
A	393505	work-pr125r1-flipS141-mcp2k	15005	15	13	131.4	0.0	28.74
A	55740	work-pr125r1-flipS141-mcp2k	22014	22	13	123.1	0.0	0.00
A	72786	work-pr125r1-flipS141-mcp2k	9006	9	13	114.3	0.0	8.44
A	399118	work-pr125r1-flipS141-mcp1k	16017	16	2212	108.8	0.0	0.00
A	72786	work-pr125r1-flipS141-mcp2k	45038	45	13	108.3	0.0	0.00
A	72786	work-pr125r1-flipS141-mcp2k	9008	9	211	64.7	0.0	0.00
A	393505	work-pr125r1-flipS141-mcp2k	15004	15	13	63.4	0.0	0.00
A	318769	work-pr125r1-flipS141-mcp2k	19001	19	13	39.8	0.0	0.00
A	392901	work-pr125r1-flipS141-mcp2k	127032	127	13	38.5	0.0	0.00
A	259542	work-pr125r1-flipS98-ncpi0	124083	124	11	21.2	0.0	0.00
A	318769	work-pr125r1-flipS141-mcp2k	19005	19	2212	21.1	0.0	0.00
A	170098	work-pr125r1-flipS141-mcp2k	70029	70	13	17.4	0.0	29.99
A	52044	work-pr125r1-flipS141-mcp2k	24009	24	13	16.6	0.0	0.00
A	54341	work-pr125r1-flipS141-mcp1k	34015	34	13	16.5	0.0	10.60
A	176502	work-pr125r1-flipS98-mcp2k	146220	146	13	16.5	0.0	0.00
A	54341	work-pr125r1-flipS141-mcp1k	96033	96	13	15.9	0.0	23.30
A	91917	work-pr125r1-flipS141-mcp2k	87054	87	13	15.5	0.0	0.00
A	51546	work-pr125r1-flipS141-mcp2k	66016	66	13	15.0	0.0	0.00
A	169626	work-pr125r1-flipS98-mcp1k	53070	53	2212	14.1	0.0	0.00
A	174771	work-pr125r1-flipS141-mcp2k	85058	85	11	14.0	0.0	2.48
A	499423	work-pr125r1-flipS141-mcp2k	52033	52	13	10.4	0.0	0.00
A	72786	work-pr125r1-flipS141-mcp2k	9003	9	13	10.3	0.0	17.86
A	100222	work-pr125r1-flipS141-mcp2k	121233	121	13	10.1	0.0	0.00
A	72786	work-pr125r1-flipS141-mcp2k	9002	9	11	7.7	0.0	17.86
A	259542	work-pr125r1-flipS98-ncpi0	123137	123	4	3.2	0.0	0.00
A	52044	work-pr125r1-flipS141-mcp2k	24010	24	211	3.0	0.0	15.95
A	506114	work-pr125r1-flipS98-ncpi0	19034	19	13	2.7	0.0	7.72
A	52044	work-pr125r1-flipS141-mcp2k	24012	24	11	1.7	0.0	15.80
B	105074	work-pr125r1-flipS141-mcp2k	23005	23	13	82.9	215.1	-1.00
B	105074	work-pr125r1-flipS141-mcp2k	23004	23	13	58.2	162.0	-1.00
B	287007	work-pr125r1-flipS141-mcp1k	22001	22	11	54.0	163.1	-1.00
B	176533	work-pr125r1-flipS141-mcp2k	20043	20	13	44.5	132.0	-1.00
B	282979	work-pr125r1-flipS141-mcp1k	41018	41	13	27.9	193.4	-1.00
B	410008	work-pr125r1-flipS141-mcp1k	20001	20	11	27.8	113.8	-1.00
B	437699	work-pr125r1-flipS98-nuecc48	18034	18	11	23.8	73.3	-1.00
B	415278	work-pr125r1-flipS98-mcp2k	22050	22	11	20.7	10.9	-1.00
B	74326	work-pr125r1-flipS141-mcp2k	37030	37	2212	19.5	56.1	-1.00
B	54332	work-pr125r1-flipS98-mcp2k	123098	123	13	14.1	59.4	-1.00
B	285567	work-pr125r1-flipS98-ncpi0	17049	17	2212	13.9	139.1	-1.00
B	415278	work-pr125r1-flipS98-mcp2k	99156	99	11	13.7	68.9	-1.00
B	396816	work-pr125r1-flipS141-mcp2k	26015	26	2212	11.4	124.4	-1.00
B	314838	work-pr125r1-flipS98-ncpi0	87031	87	13	11.1	30.4	-1.00
B	281325	work-pr125r1-flipS141-mcp2k	41034	41	211	10.2	28.0	-1.00
B	179048	work-pr125r1-flipS141-mcp2k	17003	17	11	9.9	34.2	-1.00
B	350186	work-pr125r1-flipS98-nuecc48	119042	119	11	9.3	36.5	-1.00
B	58006	work-pr125r1-flipS141-mcp2k	41026	41	11	8.7	35.6	-1.00
B	396222	work-pr125r1-flipS98-mcp2k	90166	90	13	8.4	26.3	-1.00
B	318769	work-pr125r1-flipS141-mcp2k	113062	113	11	5.9	43.9	-1.00
B	54095	work-pr125r1-flipS98-nuecc48	68104	68	11	5.5	21.3	-1.00
B	506114	work-pr125r1-flipS98-ncpi0	25047	25	2212	4.7	75.3	-1.00
B	105946	work-pr125r1-flipS98-ncpi0	21003	21	2212	4.7	74.5	-1.00
B	395870	work-pr125r1-flipS141-mcp2k	55020	55	11	4.6	0.5	-1.00
B	54453	work-pr125r1-flipS141-mcp2k	37038	37	2212	4.5	72.7	-1.00
B	55740	work-pr125r1-flipS141-mcp2k	23020	23	2212	4.4	72.0	-1.00
B	410008	work-pr125r1-flipS141-mcp1k	92020	92	2212	4.2	70.6	-1.00
B	415278	work-pr125r1-flipS98-mcp2k	96152	96	11	4.2	16.6	-1.00
B	54332	work-pr125r1-flipS98-mcp2k	93055	93	2212	3.9	45.4	-1.00
B	269774	work-pr125r1-flipS98-nuecc48	37049	37	13	3.8	8.4	-1.00
B	410008	work-pr125r1-flipS141-mcp1k	97022	97	11	3.6	10.1	-1.00
B	348471	work-pr125r1-flipS141-mcp1k	31011	31	13	3.4	9.7	-1.00
B	172266	work-pr125r1-flipS141-mcp1k	20008	20	11	3.3	0.2	-1.00
B	170761	work-pr125r1-flipS141-mcp2k	31034	31	11	3.2	1.7	-1.00
B	282979	work-pr125r1-flipS141-mcp1k	19009	19	2212	3.1	73.7	-1.00
B	57709	work-pr125r1-flipS141-mcp2k	92026	92	13	2.9	13.1	-1.00
B	287007	work-pr125r1-flipS141-mcp1k	58030	58	11	2.7	15.1	-1.00
B	409140	work-pr125r1-flipS141-mcp2k	17007	17	11	2.7	6.3	-1.00
B	174637	work-pr125r1-flipS98-nuecc48	12046	12	2212	2.4	17.1	-1.00
B	174637	work-pr125r1-flipS98-nuecc48	28053	28	13	2.4	7.4	-1.00
B	389538	work-pr125r1-flipS98-nuecc48	75083	75	13	2.3	6.9	-1.00
B	388	work-pr125r1-flipS98-nuecc48	97179	97	11	2.3	4.3	-1.00
B	292027	work-pr125r1-flipS141-mcp1k	20009	20	11	2.3	0.1	-1.00
B	395870	work-pr125r1-flipS141-mcp2k	53018	53	2212	2.2	103.3	-1.00
B	281567	work-pr125r1-flipS98-mcp2k	14037	14	11	2.2	0.7	-1.00
B	105946	work-pr125r1-flipS98-ncpi0	39013	39	11	2.0	12.2	-1.00
B	293149	work-pr125r1-flipS141-mcp1k	31010	31	13	2.0	6.4	-1.00
B	281567	work-pr125r1-flipS98-mcp2k	65076	65	2212	1.9	7.3	-1.00
B	180801	work-pr125r1-flipS98-ncpi0	23018	23	11	1.8	7.7	-1.00
B	54453	work-pr125r1-flipS141-mcp2k	35036	35	11	1.8	1.4	-1.00
B	401450	work-pr125r1-flipS141-mcp1k	94107	94	11	1.8	1.0	-1.00
B	56982	work-pr125r1-flipS98-ncpi0	51050	51	13	1.7	10.2	-1.00
B	314838	work-pr125r1-flipS98-ncpi0	113094	113	11	1.6	1.8	-1.00
B	486907	work-pr125r1-flipS141-mcp1k	63011	63	11	1.6	2.1	-1.00
B	415278	work-pr125r1-flipS98-mcp2k	110187	110	13	1.6	5.3	-1.00
B	180801	work-pr125r1-flipS98-ncpi0	66028	66	11	1.4	0.9	-1.00
B	486907	work-pr125r1-flipS141-mcp1k	90047	90	13	1.3	9.3	-1.00
B	94392	work-pr125r1-flipS141-mcp2k	12020	12	11	1.2	6.1	-1.00
B	408304	work-pr125r1-flipS141-mcp2k	17011	17	11	1.2	7.8	-1.00
B	170808	work-pr125r1-flipS141-mcp1k	19005	19	11	1.2	2.6	-1.00
B	165157	work-pr125r1-flipS98-mcp2k	43016	43	13	1.1	3.9	-1.00
B	52672	work-pr125r1-flipS98-nuecc48	15018	15	11	1.1	5.4	-1.00
B	408304	work-pr125r1-flipS141-mcp2k	18012	18	11	1.1	2.6	-1.00
B	317939	work-pr125r1-flipS141-mcp1k	31024	31	11	1.0	2.6	-1.00
B	289508	work-pr125r1-flipS141-mcp2k	24019	24	11	1.0	3.6	-1.00
B	72786	work-pr125r1-flipS141-mcp2k	15010	15	11	1.0	0.2	-1.00
B	171572	work-pr125r1-flipS141-mcp2k	72011	72	11	1.0	3.9	-1.00
B	318703	work-pr125r1-flipS141-mcp2k	49048	49	11	1.0	3.6	-1.00
B	487853	work-pr125r1-flipS141-mcp1k	17002	17	11	1.0	2.2	-1.00
B	395870	work-pr125r1-flipS141-mcp2k	24004	24	11	1.0	3.6	-1.00
B	475096	work-pr125r1-flipS98-mcp2k	27027	27	11	0.9	3.2	-1.00
B	64591	work-pr125r1-flipS98-mcp1k	24003	24	11	0.9	1.8	-1.00
B	267597	work-pr125r1-flipS98-nuecc48	11039	11	11	0.9	0.3	-1.00
B	174752	work-pr125r1-flipS98-mcp1k	17001	17	11	0.9	3.7	-1.00
B	282271	work-pr125r1-flipS141-mcp2k	53040	53	11	0.9	0.8	-1.00
B	103798	work-pr125r1-flipS141-mcp2k	50005	50	11	0.9	7.4	-1.00
B	348691	work-pr125r1-flipS141-mcp1k	28025	28	11	0.9	8.7	-1.00
B	350354	work-pr125r1-flipS141-mcp2k	95080	95	11	0.9	2.3	-1.00
B	174771	work-pr125r1-flipS141-mcp2k	96080	96	11	0.9	1.2	-1.00
B	91917	work-pr125r1-flipS141-mcp2k	21015	21	11	0.9	0.8	-1.00
B	114446	work-pr125r1-flipS98-ncpi0	33002	33	11	0.9	5.6	-1.00
B	105946	work-pr125r1-flipS98-ncpi0	57057	57	2212	0.9	60.3	-1.00
B	179611	work-pr125r1-flipS141-mcp2k	75018	75	11	0.9	1.5	-1.00
B	410008	work-pr125r1-flipS141-mcp1k	93021	93	11	0.9	1.8	-1.00
B	84229	work-pr125r1-flipS98-ncpi0	18063	18	11	0.9	0.8	-1.00
B	52693	work-pr125r1-flipS141-mcp2k	46010	46	2212	0.9	4.2	-1.00
B	388	work-pr125r1-flipS98-nuecc48	27066	27	11	0.9	4.8	-1.00
B	318703	work-pr125r1-flipS141-mcp2k	39042	39	2212	0.9	4.4	-1.00
B	412242	work-pr125r1-flipS141-mcp2k	61051	61	11	0.8	1.7	-1.00
B	100135	work-pr125r1-flipS141-mcp2k	45018	45	11	0.8	0.0	-1.00
B	67394	work-pr125r1-flipS141-mcp1k	21014	21	11	0.8	2.4	-1.00
B	256587	work-pr125r1-flipS98-nuecc48	16183	16	2212	0.8	21.9	-1.00
B	76346	work-pr125r1-flipS98-mcp2k	19021	19	2212	0.8	24.0	-1.00
B	395870	work-pr125r1-flipS141-mcp2k	52017	52	11	0.8	1.6	-1.00
B	285567	work-pr125r1-flipS98-ncpi0	123098	123	11	0.8	0.8	-1.00
B	410008	work-pr125r1-flipS141-mcp1k	85013	85	11	0.8	1.4	-1.00
B	283515	work-pr125r1-flipS141-mcp1k	26017	26	11	0.8	2.4	-1.00
B	475096	work-pr125r1-flipS98-mcp2k	30030	30	11	0.8	6.3	-1.00
B	280159	work-pr125r1-flipS141-mcp2k	18013	18	11	0.8	1.8	-1.00
B	54332	work-pr125r1-flipS98-mcp2k	26023	26	11	0.8	3.1	-1.00
B	408678	work-pr125r1-flipS141-mcp2k	45020	45	11	0.8	4.3	-1.00
B	407918	work-pr125r1-flipS141-mcp1k	46016	46	11	0.8	2.4	-1.00
B	359980	work-pr125r1-flipS98-ncpi0	23053	23	2212	0.8	3.8	-1.00
B	284206	work-pr125r1-flipS141-mcp2k	18036	18	11	0.8	0.8	-1.00
B	395123	work-pr125r1-flipS141-mcp2k	52004	52	2212	0.8	3.8	-1.00
B	396323	work-pr125r1-flipS141-mcp2k	38018	38	11	0.8	3.7	-1.00
B	318703	work-pr125r1-flipS141-mcp2k	20035	20	11	0.8	0.6	-1.00
B	412242	work-pr125r1-flipS141-mcp2k	26014	26	11	0.8	3.4	-1.00
B	52605	work-pr125r1-flipS141-mcp2k	18006	18	11	0.8	3.4	-1.00
B	282271	work-pr125r1-flipS141-mcp2k	70057	70	11	0.7	1.6	-1.00
B	163543	work-pr125r1-flipS98-nuecc48	17048	17	11	0.7	4.7	-1.00
B	395870	work-pr125r1-flipS141-mcp2k	51016	51	2212	0.7	20.0	-1.00
B	271851	work-pr125r1-flipS98-nuecc48	26022	26	2212	0.7	9.1	-1.00
B	521075	work-pr125r1-flipS98-ncpi0	26023	26	11	0.7	0.3	-1.00
B	410008	work-pr125r1-flipS141-mcp1k	86014	86	2212	0.7	3.5	-1.00
B	175896	work-pr125r1-flipS141-mcp1k	24004	24	11	0.7	2.9	-1.00
B	259542	work-pr125r1-flipS98-ncpi0	22021	22	11	0.7	4.8	-1.00
B	289508	work-pr125r1-flipS141-mcp2k	22017	22	11	0.7	2.8	-1.00
B	284200	work-pr125r1-flipS141-mcp1k	11015	11	11	0.7	1.1	-1.00
B	284206	work-pr125r1-flipS141-mcp2k	16034	16	11	0.7	2.0	-1.00
B	69314	work-pr125r1-flipS98-nuecc48	29018	29	13	0.7	1.9	-1.00
B	409140	work-pr125r1-flipS141-mcp2k	48015	48	11	0.7	1.9	-1.00
B	75954	work-pr125r1-flipS141-mcp2k	27049	27	11	0.7	1.6	-1.00
B	463565	work-pr125r1-flipS98-ncpi0	26035	26	11	0.7	2.6	-1.00
B	256587	work-pr125r1-flipS98-nuecc48	133294	133	11	0.7	4.1	-1.00
B	396222	work-pr125r1-flipS98-mcp2k	79155	79	11	0.7	2.5	-1.00
B	55740	work-pr125r1-flipS141-mcp2k	68034	68	11	0.7	2.8	-1.00
B	167612	work-pr125r1-flipS141-mcp2k	61025	61	11	0.7	5.0	-1.00
B	447477	work-pr125r1-flipS98-nuecc48	78085	78	11	0.7	0.5	-1.00
B	18625	work-pr125r1-flipS98-ncpi0	37010	37	11	0.7	2.0	-1.00
B	176502	work-pr125r1-flipS98-mcp2k	70033	70	13	0.7	2.8	-1.00
B	168432	work-pr125r1-flipS141-mcp1k	40008	40	2212	0.7	3.4	-1.00
B	415278	work-pr125r1-flipS98-mcp2k	54084	54	11	0.7	2.4	-1.00
B	409140	work-pr125r1-flipS141-mcp2k	46013	46	11	0.7	1.4	-1.00
B	52044	work-pr125r1-flipS141-mcp2k	26014	26	11	0.6	1.3	-1.00
B	347085	work-pr125r1-flipS141-mcp1k	29015	29	11	0.6	1.8	-1.00
B	396222	work-pr125r1-flipS98-mcp2k	14099	14	11	0.6	2.3	-1.00
B	179611	work-pr125r1-flipS141-mcp2k	17004	17	11	0.6	3.5	-1.00
B	54453	work-pr125r1-flipS141-mcp2k	74067	74	11	0.6	1.9	-1.00
B	318769	work-pr125r1-flipS141-mcp2k	73045	73	11	0.6	3.5	-1.00
B	54453	work-pr125r1-flipS141-mcp2k	25032	25	11	0.6	1.8	-1.00
B	286655	work-pr125r1-flipS141-mcp1k	30010	30	11	0.6	2.5	-1.00
B	96383	work-pr125r1-flipS141-mcp2k	21013	21	11	0.6	2.5	-1.00
B	408304	work-pr125r1-flipS141-mcp2k	21015	21	11	0.6	0.3	-1.00
B	423981	work-pr125r1-flipS98-nuecc48	64071	64	2212	0.6	8.6	-1.00
B	292027	work-pr125r1-flipS141-mcp1k	61044	61	11	0.6	1.3	-1.00
B	395870	work-pr125r1-flipS141-mcp2k	40005	40	2212	0.6	3.3	-1.00
B	398191	work-pr125r1-flipS141-mcp2k	29005	29	11	0.6	2.5	-1.00
B	283713	work-pr125r1-flipS141-mcp1k	72056	72	11	0.6	3.0	-1.00
B	94224	work-pr125r1-flipS141-mcp2k	23018	23	11	0.6	3.1	-1.00
B	267597	work-pr125r1-flipS98-nuecc48	32044	32	2212	0.6	4.0	-1.00
B	318769	work-pr125r1-flipS141-mcp2k	80052	80	13	0.6	4.5	-1.00
B	396323	work-pr125r1-flipS141-mcp2k	37017	37	11	0.6	2.8	-1.00
B	412242	work-pr125r1-flipS141-mcp2k	27015	27	2212	0.6	3.5	-1.00
B	408304	work-pr125r1-flipS141-mcp2k	15009	15	11	0.6	3.0	-1.00
B	347129	work-pr125r1-flipS98-mcp1k	21001	21	11	0.6	1.2	-1.00
B	99838	work-pr125r1-flipS98-mcp2k	18009	18	11	0.6	3.7	-1.00
B	167612	work-pr125r1-flipS141-mcp2k	24003	24	11	0.6	1.2	-1.00
B	282979	work-pr125r1-flipS141-mcp1k	58048	58	11	0.6	0.1	-1.00
B	105946	work-pr125r1-flipS98-ncpi0	59059	59	2212	0.6	3.5	-1.00
B	285443	work-pr125r1-flipS141-mcp1k	20004	20	11	0.6	3.1	-1.00
B	318703	work-pr125r1-flipS141-mcp2k	18033	18	2212	0.6	3.2	-1.00
B	267597	work-pr125r1-flipS98-nuecc48	12040	12	2212	0.6	3.3	-1.00
B	176502	work-pr125r1-flipS98-mcp2k	83046	83	13	0.6	13.8	-1.00
B	38856	work-pr125r1-flipS98-nuecc48	66070	66	13	0.6	2.8	-1.00
B	410008	work-pr125r1-flipS141-mcp1k	84012	84	11	0.5	1.7	-1.00
B	283713	work-pr125r1-flipS141-mcp1k	70054	70	11	0.5	1.5	-1.00
B	168596	work-pr125r1-flipS98-nuecc48	21080	21	2212	0.5	2.9	-1.00
B	122660	work-pr125r1-flipS98-nuecc48	13022	13	11	0.5	3.4	-1.00
B	52044	work-pr125r1-flipS141-mcp2k	27015	27	2212	0.5	2.3	-1.00
B	131357	work-pr125r1-flipS98-nuecc48	52037	52	13	0.5	1.9	-1.00
B	292027	work-pr125r1-flipS141-mcp1k	19008	19	11	0.5	1.6	-1.00
B	55740	work-pr125r1-flipS141-mcp2k	64030	64	2212	0.5	4.2	-1.00
B	165157	work-pr125r1-flipS98-mcp2k	13002	13	11	0.5	3.4	-1.00
B	46363	work-pr125r1-flipS98-nuecc48	48095	48	11	0.5	1.1	-1.00
B	444187	work-pr125r1-flipS98-nuecc48	23071	23	11	0.5	3.9	-1.00
B	499423	work-pr125r1-flipS141-mcp2k	21006	21	11	0.5	7.1	-1.00
B	347824	work-pr125r1-flipS141-mcp2k	85019	85	11	0.5	2.4	-1.00
B	122660	work-pr125r1-flipS98-nuecc48	17026	17	11	0.5	1.7	-1.00
B	281781	work-pr125r1-flipS98-mcp2k	21010	21	2212	0.5	3.3	-1.00
B	396037	work-pr125r1-flipS141-mcp2k	22003	22	11	0.5	0.1	-1.00
B	506746	work-pr125r1-flipS98-ncpi0	20048	20	11	0.5	3.6	-1.00
B	437699	work-pr125r1-flipS98-nuecc48	95055	95	13	0.5	2.3	-1.00
B	408678	work-pr125r1-flipS141-mcp2k	64035	64	11	0.5	2.7	-1.00
B	57709	work-pr125r1-flipS141-mcp2k	16003	16	11	0.5	1.0	-1.00
B	281485	work-pr125r1-flipS98-mcp1k	23039	23	11	0.5	1.2	-1.00
B	408304	work-pr125r1-flipS141-mcp2k	22016	22	2212	0.5	3.5	-1.00
B	396323	work-pr125r1-flipS141-mcp2k	19015	19	11	0.5	0.6	-1.00
B	98844	work-pr125r1-flipS141-mcp2k	14023	14	11	0.5	0.4	-1.00
B	171572	work-pr125r1-flipS141-mcp2k	74013	74	11	0.5	0.7	-1.00
B	292027	work-pr125r1-flipS141-mcp1k	63046	63	11	0.5	0.7	-1.00
B	280159	work-pr125r1-flipS141-mcp2k	96115	96	11	0.5	0.7	-1.00
B	64409	work-pr125r1-flipS141-mcp1k	11036	11	11	0.5	0.7	-1.00
B	58755	work-pr125r1-flipS141-mcp1k	31005	31	11	0.5	2.7	-1.00
B	521075	work-pr125r1-flipS98-ncpi0	25022	25	11	0.5	1.9	-1.00
B	94392	work-pr125r1-flipS141-mcp2k	13021	13	11	0.5	2.1	-1.00
B	283713	work-pr125r1-flipS141-mcp1k	25015	25	2212	0.5	3.4	-1.00
B	179048	work-pr125r1-flipS141-mcp2k	20014	20	2212	0.5	3.6	-1.00
B	180801	work-pr125r1-flipS98-ncpi0	115079	115	11	0.4	4.4	-1.00
B	10550	work-pr125r1-flipS98-nuecc48	17038	17	11	0.4	2.6	-1.00
B	318769	work-pr125r1-flipS141-mcp2k	71043	71	11	0.4	3.0	-1.00
B	401450	work-pr125r1-flipS141-mcp1k	57066	57	11	0.4	2.2	-1.00
B	54453	work-pr125r1-flipS141-mcp2k	36037	36	11	0.4	1.0	-1.00
B	318769	work-pr125r1-flipS141-mcp2k	30006	30	11	0.4	1.4	-1.00
B	486907	work-pr125r1-flipS141-mcp1k	93050	93	13	0.4	1.8	-1.00
B	447477	work-pr125r1-flipS98-nuecc48	19022	19	11	0.4	1.6	-1.00
B	321169	work-pr125r1-flipS141-mcp2k	26025	26	11	0.4	1.4	-1.00
B	408304	work-pr125r1-flipS141-mcp2k	16010	16	11	0.4	0.1	-1.00
B	403309	work-pr125r1-flipS141-mcp2k	15001	15	11	0.4	0.5	-1.00
B	96383	work-pr125r1-flipS141-mcp2k	38016	38	11	0.4	3.1	-1.00
B	167612	work-pr125r1-flipS141-mcp2k	63027	63	11	0.4	1.7	-1.00
B	292027	work-pr125r1-flipS141-mcp1k	62045	62	2212	0.4	3.8	-1.00
B	96383	work-pr125r1-flipS141-mcp2k	20012	20	11	0.4	0.2	-1.00
B	283713	work-pr125r1-flipS141-mcp1k	69053	69	11	0.4	2.4	-1.00
B	180801	work-pr125r1-flipS98-ncpi0	22017	22	11	0.4	4.9	-1.00
B	284206	work-pr125r1-flipS141-mcp2k	17035	17	11	0.4	0.8	-1.00
B	408678	work-pr125r1-flipS141-mcp2k	24010	24	2212	0.4	4.9	-1.00
B	18625	work-pr125r1-flipS98-ncpi0	51024	51	11	0.4	3.9	-1.00
B	415278	work-pr125r1-flipS98-mcp2k	53083	53	11	0.4	0.2	-1.00
B	393505	work-pr125r1-flipS141-mcp2k	20016	20	11	0.4	2.7	-1.00
B	386442	work-pr125r1-flipS141-mcp1k	21011	21	11	0.4	1.2	-1.00
B	394167	work-pr125r1-flipS141-mcp2k	15016	15	11	0.4	1.4	-1.00
B	281639	work-pr125r1-flipS98-mcp1k	27003	27	11	0.4	1.4	-1.00
B	394167	work-pr125r1-flipS141-mcp2k	14015	14	11	0.4	1.2	-1.00
B	176533	work-pr125r1-flipS141-mcp2k	13036	13	11	0.4	1.8	-1.00
B	349549	work-pr125r1-flipS141-mcp1k	18015	18	11	0.4	1.6	-1.00
B	406125	work-pr125r1-flipS141-mcp2k	15010	15	11	0.4	0.9	-1.00
B	386442	work-pr125r1-flipS141-mcp1k	64026	64	11	0.4	2.4	-1.00
B	285567	work-pr125r1-flipS98-ncpi0	16048	16	11	0.4	1.6	-1.00
B	176533	work-pr125r1-flipS141-mcp2k	14037	14	11	0.4	1.6	-1.00
B	176533	work-pr125r1-flipS141-mcp2k	16039	16	11	0.4	1.8	-1.00
B	318703	work-pr125r1-flipS141-mcp2k	64064	64	11	0.4	1.2	-1.00
B	395870	work-pr125r1-flipS141-mcp2k	54019	54	11	0.4	2.3	-1.00
B	176533	work-pr125r1-flipS141-mcp2k	18041	18	11	0.4	1.0	-1.00
B	74544	work-pr125r1-flipS98-nuecc48	16058	16	11	0.4	1.4	-1.00
B	138009	work-pr125r1-flipS98-nuecc48	18021	18	11	0.4	1.6	-1.00
B	281485	work-pr125r1-flipS98-mcp1k	24040	24	11	0.4	1.1	-1.00
B	350354	work-pr125r1-flipS141-mcp2k	23021	23	2212	0.4	2.2	-1.00
B	179611	work-pr125r1-flipS141-mcp2k	73016	73	11	0.4	2.9	-1.00
B	412242	work-pr125r1-flipS141-mcp2k	24012	24	11	0.4	0.5	-1.00
B	318769	work-pr125r1-flipS141-mcp2k	119068	119	13	0.4	1.7	-1.00
B	171729	work-pr125r1-flipS141-mcp2k	35023	35	11	0.4	0.5	-1.00
B	399052	work-pr125r1-flipS98-mcp1k	56051	56	11	0.4	2.0	-1.00
B	71872	work-pr125r1-flipS141-mcp2k	20013	20	11	0.4	0.6	-1.00
B	395870	work-pr125r1-flipS141-mcp2k	41006	41	11	0.4	1.3	-1.00
B	282979	work-pr125r1-flipS141-mcp1k	56046	56	11	0.4	1.5	-1.00
B	486907	work-pr125r1-flipS141-mcp1k	64012	64	11	0.4	1.3	-1.00
B	94224	work-pr125r1-flipS141-mcp2k	56021	56	11	0.4	1.1	-1.00
B	170761	work-pr125r1-flipS141-mcp2k	15028	15	11	0.4	1.7	-1.00
B	499423	work-pr125r1-flipS141-mcp2k	20005	20	11	0.4	2.2	-1.00
B	10550	work-pr125r1-flipS98-nuecc48	16037	16	11	0.4	1.6	-1.00
B	77328	work-pr125r1-flipS141-mcp2k	19010	19	11	0.4	0.7	-1.00
B	349549	work-pr125r1-flipS141-mcp1k	67081	67	2212	0.4	3.0	-1.00
B	395870	work-pr125r1-flipS141-mcp2k	65046	65	11	0.4	1.2	-1.00
B	37112	work-pr125r1-flipS98-ncpi0	14014	14	11	0.4	1.6	-1.00
B	172266	work-pr125r1-flipS141-mcp1k	52026	52	11	0.4	2.1	-1.00
B	122660	work-pr125r1-flipS98-nuecc48	15024	15	11	0.4	1.6	-1.00
B	58755	work-pr125r1-flipS141-mcp1k	64007	64	11	0.4	1.8	-1.00
B	170761	work-pr125r1-flipS141-mcp2k	16029	16	11	0.4	0.9	-1.00
B	176533	work-pr125r1-flipS141-mcp2k	74081	74	11	0.4	1.8	-1.00
B	81597	work-pr125r1-flipS98-nuecc48	30047	30	2212	0.4	1.4	-1.00
B	321367	work-pr125r1-flipS141-mcp2k	11008	11	2212	0.4	7.4	-1.00
B	292005	work-pr125r1-flipS141-mcp1k	25009	25	11	0.4	2.2	-1.00
B	54341	work-pr125r1-flipS141-mcp1k	30009	30	11	0.4	2.3	-1.00
B	521075	work-pr125r1-flipS98-ncpi0	27024	27	11	0.4	1.9	-1.00
B	423981	work-pr125r1-flipS98-nuecc48	61068	61	13	0.4	1.7	-1.00
B	281567	work-pr125r1-flipS98-mcp2k	15038	15	11	0.4	2.1	-1.00
B	406125	work-pr125r1-flipS141-mcp2k	16011	16	11	0.4	0.8	-1.00
B	171572	work-pr125r1-flipS141-mcp2k	21010	21	11	0.4	1.3	-1.00
B	433451	work-pr125r1-flipS98-nuecc48	54128	54	11	0.4	2.5	-1.00
B	99782	work-pr125r1-flipS141-mcp2k	26010	26	11	0.4	1.2	-1.00
B	111412	work-pr125r1-flipS98-nuecc48	25028	25	11	0.4	1.6	-1.00
B	412242	work-pr125r1-flipS141-mcp2k	25013	25	11	0.4	1.1	-1.00
B	401450	work-pr125r1-flipS141-mcp1k	58067	58	11	0.4	3.0	-1.00
B	408678	work-pr125r1-flipS141-mcp2k	23009	23	11	0.4	2.1	-1.00
B	105074	work-pr125r1-flipS141-mcp2k	29007	29	11	0.4	1.2	-1.00
B	76346	work-pr125r1-flipS98-mcp2k	50052	50	11	0.4	2.5	-1.00
B	72786	work-pr125r1-flipS141-mcp2k	18030	18	11	0.4	1.5	-1.00
B	486907	work-pr125r1-flipS141-mcp1k	62010	62	11	0.4	2.2	-1.00
B	122660	work-pr125r1-flipS98-nuecc48	14023	14	11	0.4	1.9	-1.00
B	475096	work-pr125r1-flipS98-mcp2k	29029	29	11	0.4	0.8	-1.00
B	403023	work-pr125r1-flipS141-mcp2k	22005	22	11	0.4	0.8	-1.00
B	486247	work-pr125r1-flipS141-mcp1k	16004	16	11	0.4	2.0	-1.00
B	179611	work-pr125r1-flipS141-mcp2k	18005	18	2212	0.4	3.3	-1.00
B	285443	work-pr125r1-flipS141-mcp1k	18002	18	11	0.4	1.1	-1.00
B	318703	work-pr125r1-flipS141-mcp2k	51050	51	11	0.4	2.0	-1.00
B	165157	work-pr125r1-flipS98-mcp2k	15004	15	11	0.4	1.6	-1.00
B	396816	work-pr125r1-flipS141-mcp2k	60033	60	11	0.4	0.5	-1.00
B	100135	work-pr125r1-flipS141-mcp2k	22011	22	11	0.4	1.2	-1.00
B	463565	work-pr125r1-flipS98-ncpi0	116107	116	11	0.4	0.3	-1.00
B	47696	work-pr125r1-flipS141-mcp2k	38004	38	2212	0.4	3.0	-1.00
B	281781	work-pr125r1-flipS98-mcp2k	20009	20	11	0.4	0.3	-1.00
B	350354	work-pr125r1-flipS141-mcp2k	96081	96	11	0.4	2.2	-1.00
B	313781	work-pr125r1-flipS141-mcp1k	19006	19	11	0.4	3.6	-1.00
B	486687	work-pr125r1-flipS141-mcp1k	33010	33	11	0.4	2.8	-1.00
B	275011	work-pr125r1-flipS141-mcp2k	15010	15	11	0.4	0.9	-1.00
B	99782	work-pr125r1-flipS141-mcp2k	25009	25	11	0.4	1.0	-1.00
B	392901	work-pr125r1-flipS141-mcp2k	128035	128	11	0.4	1.4	-1.00
B	76346	work-pr125r1-flipS98-mcp2k	51053	51	11	0.4	1.3	-1.00
B	283713	work-pr125r1-flipS141-mcp1k	44018	44	11	0.4	1.2	-1.00
B	285567	work-pr125r1-flipS98-ncpi0	122097	122	11	0.4	2.0	-1.00
B	259542	work-pr125r1-flipS98-ncpi0	23022	23	11	0.4	0.8	-1.00
B	105946	work-pr125r1-flipS98-ncpi0	58058	58	11	0.4	1.4	-1.00
B	321367	work-pr125r1-flipS141-mcp2k	9006	9	11	0.4	2.0	-1.00
B	408304	work-pr125r1-flipS141-mcp2k	31017	31	11	0.4	3.4	-1.00
B	52672	work-pr125r1-flipS98-nuecc48	16019	16	11	0.4	1.6	-1.00
B	105946	work-pr125r1-flipS98-ncpi0	23005	23	11	0.4	0.4	-1.00
B	54453	work-pr125r1-flipS141-mcp2k	72065	72	11	0.3	0.3	-1.00
B	394167	work-pr125r1-flipS141-mcp2k	19020	19	11	0.3	0.2	-1.00
B	173093	work-pr125r1-flipS98-mcp2k	19018	19	11	0.3	0.8	-1.00
B	65053	work-pr125r1-flipS141-mcp1k	25002	25	11	0.3	2.7	-1.00
B	174752	work-pr125r1-flipS98-mcp1k	49011	49	11	0.3	0.3	-1.00
B	167612	work-pr125r1-flipS141-mcp2k	78029	78	11	0.3	1.2	-1.00
B	408304	work-pr125r1-flipS141-mcp2k	20014	20	11	0.3	1.3	-1.00
B	167612	work-pr125r1-flipS141-mcp2k	25004	25	11	0.3	2.9	-1.00
B	342199	work-pr125r1-flipS98-nuecc48	24033	24	11	0.3	0.6	-1.00
B	394167	work-pr125r1-flipS141-mcp2k	17018	17	11	0.3	0.4	-1.00
B	395870	work-pr125r1-flipS141-mcp2k	23003	23	11	0.3	0.2	-1.00
B	30504	work-pr125r1-flipS98-nuecc48	22022	22	11	0.3	1.6	-1.00
B	284200	work-pr125r1-flipS141-mcp1k	12016	12	11	0.3	2.0	-1.00
B	94392	work-pr125r1-flipS141-mcp2k	46031	46	11	0.3	0.9	-1.00
B	268784	work-pr125r1-flipS98-nuecc48	19050	19	11	0.3	2.3	-1.00
B	499423	work-pr125r1-flipS141-mcp2k	22007	22	11	0.3	0.5	-1.00
B	64409	work-pr125r1-flipS141-mcp1k	12037	12	11	0.3	1.8	-1.00
B	56982	work-pr125r1-flipS98-ncpi0	30047	30	11	0.3	2.0	-1.00
B	314838	work-pr125r1-flipS98-ncpi0	16020	16	11	0.3	1.1	-1.00
B	71642	work-pr125r1-flipS141-mcp2k	83099	83	13	0.3	1.4	-1.00
B	347824	work-pr125r1-flipS141-mcp2k	32015	32	11	0.3	2.1	-1.00
B	396222	work-pr125r1-flipS98-mcp2k	15100	15	11	0.3	0.3	-1.00
B	76346	work-pr125r1-flipS98-mcp2k	38028	38	2212	0.3	2.7	-1.00
B	54453	work-pr125r1-flipS141-mcp2k	34035	34	11	0.3	2.0	-1.00
B	285443	work-pr125r1-flipS141-mcp1k	19003	19	11	0.3	1.6	-1.00
B	114446	work-pr125r1-flipS98-ncpi0	32001	32	11	0.3	0.2	-1.00
B	287007	work-pr125r1-flipS141-mcp1k	18004	18	11	0.3	0.6	-1.00
B	292027	work-pr125r1-flipS141-mcp1k	37015	37	2212	0.3	2.6	-1.00
B	105946	work-pr125r1-flipS98-ncpi0	60060	60	11	0.3	1.0	-1.00
B	287007	work-pr125r1-flipS141-mcp1k	19005	19	11	0.3	2.7	-1.00
B	410008	work-pr125r1-flipS141-mcp1k	89017	89	11	0.3	1.4	-1.00
B	105946	work-pr125r1-flipS98-ncpi0	22004	22	11	0.3	0.6	-1.00
B	54453	work-pr125r1-flipS141-mcp2k	33034	33	11	0.3	1.3	-1.00
B	394167	work-pr125r1-flipS141-mcp2k	16017	16	11	0.3	0.1	-1.00
B	292005	work-pr125r1-flipS141-mcp1k	24008	24	11	0.3	3.1	-1.00
B	170761	work-pr125r1-flipS141-mcp2k	39042	39	11	0.3	1.9	-1.00
B	56972	work-pr125r1-flipS141-mcp2k	22015	22	11	0.3	2.3	-1.00
B	486247	work-pr125r1-flipS141-mcp1k	17005	17	11	0.3	0.5	-1.00
B	463565	work-pr125r1-flipS98-ncpi0	54046	54	11	0.3	2.3	-1.00
B	412242	work-pr125r1-flipS141-mcp2k	62052	62	11	0.3	0.5	-1.00
B	433451	work-pr125r1-flipS98-nuecc48	63137	63	2212	0.3	3.8	-1.00
B	409140	work-pr125r1-flipS141-mcp2k	47014	47	11	0.3	1.3	-1.00
B	321367	work-pr125r1-flipS141-mcp2k	13015	13	11	0.3	0.1	-1.00
B	99782	work-pr125r1-flipS141-mcp2k	24008	24	11	0.3	1.0	-1.00
B	283515	work-pr125r1-flipS141-mcp1k	52018	52	11	0.3	3.8	-1.00
B	397630	work-pr125r1-flipS141-mcp2k	20012	20	11	0.3	1.2	-1.00
B	318703	work-pr125r1-flipS141-mcp2k	19034	19	11	0.3	2.0	-1.00
B	99838	work-pr125r1-flipS98-mcp2k	20011	20	11	0.3	1.2	-1.00
B	286681	work-pr125r1-flipS141-mcp1k	34018	34	11	0.3	1.2	-1.00
B	289508	work-pr125r1-flipS141-mcp2k	23018	23	11	0.3	0.5	-1.00
B	486907	work-pr125r1-flipS141-mcp1k	78021	78	13	0.3	1.7	-1.00
B	96383	work-pr125r1-flipS141-mcp2k	19011	19	11	0.3	0.8	-1.00
B	396222	work-pr125r1-flipS98-mcp2k	135336	135	13	0.3	1.4	-1.00
B	54341	work-pr125r1-flipS141-mcp1k	102044	102	11	0.3	0.6	-1.00
B	394167	work-pr125r1-flipS141-mcp2k	47042	47	11	0.3	0.3	-1.00
B	172266	work-pr125r1-flipS141-mcp1k	23011	23	11	0.3	2.5	-1.00
B	69232	work-pr125r1-flipS141-mcp2k	29013	29	11	0.3	2.1	-1.00
B	283713	work-pr125r1-flipS141-mcp1k	71055	71	11	0.3	0.9	-1.00
B	410008	work-pr125r1-flipS141-mcp1k	83011	83	11	0.3	1.8	-1.00
B	165157	work-pr125r1-flipS98-mcp2k	49022	49	13	0.3	1.3	-1.00
B	170098	work-pr125r1-flipS141-mcp2k	20005	20	11	0.3	0.5	-1.00
B	395870	work-pr125r1-flipS141-mcp2k	56021	56	11	0.3	1.3	-1.00
B	171729	work-pr125r1-flipS141-mcp2k	14010	14	11	0.3	1.6	-1.00
B	278794	work-pr125r1-flipS98-mcp1k	13003	13	11	0.3	1.5	-1.00
B	103798	work-pr125r1-flipS141-mcp2k	24003	24	11	0.3	0.2	-1.00
B	395597	work-pr125r1-flipS141-mcp2k	29010	29	11	0.3	0.6	-1.00
B	175896	work-pr125r1-flipS141-mcp1k	67042	67	11	0.3	0.3	-1.00
B	54095	work-pr125r1-flipS98-nuecc48	21075	21	11	0.3	1.2	-1.00
B	172266	work-pr125r1-flipS141-mcp1k	22010	22	11	0.3	1.4	-1.00
B	172266	work-pr125r1-flipS141-mcp1k	50024	50	11	0.3	1.1	-1.00
B	285443	work-pr125r1-flipS141-mcp1k	21005	21	11	0.3	0.3	-1.00
B	410008	work-pr125r1-flipS141-mcp1k	90018	90	11	0.3	1.7	-1.00
B	277298	work-pr125r1-flipS141-mcp1k	24015	24	11	0.3	1.1	-1.00
B	395870	work-pr125r1-flipS141-mcp2k	57022	57	11	0.3	0.2	-1.00
B	64409	work-pr125r1-flipS141-mcp1k	62092	62	11	0.3	0.6	-1.00
B	122660	work-pr125r1-flipS98-nuecc48	63107	63	11	0.3	0.3	-1.00
B	52693	work-pr125r1-flipS141-mcp2k	45009	45	11	0.3	1.0	-1.00
B	54341	work-pr125r1-flipS141-mcp1k	32011	32	11	0.3	0.3	-1.00
B	167612	work-pr125r1-flipS141-mcp2k	59023	59	11	0.3	0.8	-1.00
B	42280	work-pr125r1-flipS98-nuecc48	16070	16	11	0.3	0.7	-1.00
B	281325	work-pr125r1-flipS141-mcp2k	12006	12	11	0.3	1.7	-1.00
B	348691	work-pr125r1-flipS141-mcp1k	14016	14	11	0.3	1.9	-1.00
B	408678	work-pr125r1-flipS141-mcp2k	63034	63	2212	0.3	2.7	-1.00
B	54453	work-pr125r1-flipS141-mcp2k	32033	32	11	0.3	1.2	-1.00
B	475096	work-pr125r1-flipS98-mcp2k	28028	28	11	0.3	2.6	-1.00
B	98844	work-pr125r1-flipS141-mcp2k	15024	15	11	0.3	1.7	-1.00
B	174771	work-pr125r1-flipS141-mcp2k	95079	95	11	0.3	1.1	-1.00
B	437699	work-pr125r1-flipS98-nuecc48	17033	17	11	0.3	1.5	-1.00
B	174637	work-pr125r1-flipS98-nuecc48	14048	14	11	0.3	1.4	-1.00
B	142421	work-pr125r1-flipS98-ncpi0	63039	63	11	0.3	2.3	-1.00
B	171572	work-pr125r1-flipS141-mcp2k	73012	73	11	0.3	1.1	-1.00
B	321367	work-pr125r1-flipS141-mcp2k	10007	10	11	0.3	1.1	-1.00
B	348691	work-pr125r1-flipS141-mcp1k	44041	44	11	0.3	0.2	-1.00
B	165157	work-pr125r1-flipS98-mcp2k	17011	17	11	0.3	1.0	-1.00
B	98844	work-pr125r1-flipS141-mcp2k	13022	13	11	0.3	1.2	-1.00
B	54341	work-pr125r1-flipS141-mcp1k	31010	31	11	0.3	0.2	-1.00
B	176533	work-pr125r1-flipS141-mcp2k	19042	19	11	0.3	0.2	-1.00
B	283515	work-pr125r1-flipS141-mcp1k	25016	25	11	0.3	1.0	-1.00
B	174771	work-pr125r1-flipS141-mcp2k	24031	24	11	0.3	2.1	-1.00
B	506114	work-pr125r1-flipS98-ncpi0	27049	27	11	0.3	0.6	-1.00
B	54453	work-pr125r1-flipS141-mcp2k	73066	73	11	0.3	0.9	-1.00
B	74326	work-pr125r1-flipS141-mcp2k	47040	47	11	0.3	0.7	-1.00
B	52044	work-pr125r1-flipS141-mcp2k	25013	25	11	0.3	0.9	-1.00
B	84229	work-pr125r1-flipS98-ncpi0	17062	17	11	0.3	1.1	-1.00
B	281325	work-pr125r1-flipS141-mcp2k	13007	13	11	0.3	0.8	-1.00
B	54341	work-pr125r1-flipS141-mcp1k	103045	103	11	0.3	0.4	-1.00
B	314838	work-pr125r1-flipS98-ncpi0	115096	115	2212	0.3	1.5	-1.00
B	292005	work-pr125r1-flipS141-mcp1k	45016	45	11	0.3	0.9	-1.00
B	348471	work-pr125r1-flipS141-mcp1k	19007	19	11	0.3	2.4	-1.00
B	179611	work-pr125r1-flipS141-mcp2k	74017	74	11	0.3	1.2	-1.00
B	283713	work-pr125r1-flipS141-mcp1k	24014	24	11	0.3	0.2	-1.00
B	196649	work-pr125r1-flipS98-nuecc48	17079	17	11	0.3	0.1	-1.00
B	277298	work-pr125r1-flipS141-mcp1k	23014	23	11	0.3	0.4	-1.00
B	174771	work-pr125r1-flipS141-mcp2k	21020	21	11	0.3	0.5	-1.00
B	394167	work-pr125r1-flipS141-mcp2k	18019	18	11	0.3	1.2	-1.00
B	98844	work-pr125r1-flipS141-mcp2k	17026	17	11	0.3	0.3	-1.00
B	463565	work-pr125r1-flipS98-ncpi0	25034	25	11	0.3	1.7	-1.00
B	167612	work-pr125r1-flipS141-mcp2k	64028	64	11	0.3	1.2	-1.00
B	179611	work-pr125r1-flipS141-mcp2k	16003	16	11	0.3	1.6	-1.00
B	447477	work-pr125r1-flipS98-nuecc48	18021	18	11	0.3	0.3	-1.00
B	395870	work-pr125r1-flipS141-mcp2k	45010	45	11	0.3	0.5	-1.00
B	176533	work-pr125r1-flipS141-mcp2k	15038	15	11	0.3	1.0	-1.00
B	173819	work-pr125r1-flipS141-mcp2k	23030	23	11	0.3	0.1	-1.00
B	396222	work-pr125r1-flipS98-mcp2k	36112	36	13	0.3	0.8	-1.00
B	54341	work-pr125r1-flipS141-mcp1k	33012	33	11	0.3	1.1	-1.00
B	64409	work-pr125r1-flipS141-mcp1k	14041	14	2212	0.3	1.3	-1.00
B	521075	work-pr125r1-flipS98-ncpi0	28025	28	11	0.3	0.9	-1.00
B	167612	work-pr125r1-flipS141-mcp2k	60024	60	11	0.3	1.9	-1.00
B	406125	work-pr125r1-flipS141-mcp2k	17012	17	11	0.2	1.1	-1.00
B	46363	work-pr125r1-flipS98-nuecc48	25093	25	11	0.2	0.3	-1.00
B	318703	work-pr125r1-flipS141-mcp2k	66066	66	11	0.2	1.4	-1.00
B	71642	work-pr125r1-flipS141-mcp2k	16015	16	11	0.2	1.6	-1.00
B	318703	work-pr125r1-flipS141-mcp2k	65065	65	11	0.2	1.9	-1.00
B	165157	work-pr125r1-flipS98-mcp2k	12001	12	11	0.2	0.7	-1.00
B	499577	work-pr125r1-flipS141-mcp2k	19032	19	11	0.2	0.2	-1.00
B	408304	work-pr125r1-flipS141-mcp2k	54032	54	11	0.2	0.4	-1.00
B	64591	work-pr125r1-flipS98-mcp1k	85053	85	11	0.2	0.3	-1.00
B	407918	work-pr125r1-flipS141-mcp1k	18011	18	11	0.2	0.9	-1.00
B	169626	work-pr125r1-flipS98-mcp1k	23035	23	11	0.2	2.0	-1.00
B	282979	work-pr125r1-flipS141-mcp1k	57047	57	11	0.2	2.1	-1.00
B	284200	work-pr125r1-flipS141-mcp1k	34041	34	11	0.2	0.7	-1.00
B	282271	work-pr125r1-flipS141-mcp2k	71058	71	11	0.2	0.4	-1.00
B	175896	work-pr125r1-flipS141-mcp1k	25005	25	11	0.2	0.3	-1.00
B	487853	work-pr125r1-flipS141-mcp1k	18003	18	11	0.2	0.6	-1.00
B	386948	work-pr125r1-flipS141-mcp1k	23017	23	11	0.2	0.5	-1.00
B	174637	work-pr125r1-flipS98-nuecc48	13047	13	11	0.2	1.8	-1.00
B	285443	work-pr125r1-flipS141-mcp1k	17001	17	11	0.2	2.8	-1.00
B	57709	work-pr125r1-flipS141-mcp2k	19006	19	11	0.2	1.2	-1.00
B	437699	work-pr125r1-flipS98-nuecc48	103068	103	11	0.2	1.2	-1.00
B	321767	work-pr125r1-flipS141-mcp1k	43014	43	11	0.2	2.1	-1.00
B	142421	work-pr125r1-flipS98-ncpi0	66042	66	11	0.2	2.2	-1.00
B	176533	work-pr125r1-flipS141-mcp2k	17040	17	11	0.2	1.3	-1.00
B	283515	work-pr125r1-flipS141-mcp1k	78057	78	11	0.2	1.0	-1.00
B	18625	work-pr125r1-flipS98-ncpi0	38011	38	2212	0.2	20.7	-1.00
B	350354	work-pr125r1-flipS141-mcp2k	22020	22	11	0.2	1.9	-1.00
B	396816	work-pr125r1-flipS141-mcp2k	61034	61	11	0.2	0.8	-1.00
B	469665	work-pr125r1-flipS98-nuecc48	19006	19	11	0.2	0.8	-1.00
B	289246	work-pr125r1-flipS141-mcp2k	22022	22	11	0.2	1.9	-1.00
B	410008	work-pr125r1-flipS141-mcp1k	87015	87	2212	0.2	0.8	-1.00
B	169626	work-pr125r1-flipS98-mcp1k	24036	24	2212	0.2	1.1	-1.00
B	499423	work-pr125r1-flipS141-mcp2k	23008	23	11	0.2	1.0	-1.00
B	122660	work-pr125r1-flipS98-nuecc48	16025	16	11	0.2	1.2	-1.00
B	56972	work-pr125r1-flipS141-mcp2k	47020	47	11	0.2	1.6	-1.00
B	282271	work-pr125r1-flipS141-mcp2k	20009	20	2212	0.2	1.3	-1.00
B	98844	work-pr125r1-flipS141-mcp2k	74067	74	11	0.2	0.8	-1.00
B	475778	work-pr125r1-flipS141-mcp2k	28001	28	11	0.2	1.1	-1.00
B	58755	work-pr125r1-flipS141-mcp1k	65008	65	11	0.2	1.2	-1.00
B	318703	work-pr125r1-flipS141-mcp2k	23038	23	11	0.2	1.6	-1.00
B	396323	work-pr125r1-flipS141-mcp2k	20016	20	11	0.2	1.3	-1.00
B	172266	work-pr125r1-flipS141-mcp1k	51025	51	11	0.2	0.9	-1.00
B	170761	work-pr125r1-flipS141-mcp2k	17030	17	2212	0.2	1.0	-1.00
B	54453	work-pr125r1-flipS141-mcp2k	48041	48	11	0.2	0.9	-1.00
B	175896	work-pr125r1-flipS141-mcp1k	26006	26	11	0.2	0.9	-1.00
B	58755	work-pr125r1-flipS141-mcp1k	66009	66	2212	0.2	0.9	-1.00
B	281485	work-pr125r1-flipS98-mcp1k	92114	92	11	0.2	4.3	-1.00
B	180801	work-pr125r1-flipS98-ncpi0	21016	21	11	0.2	2.4	-1.00
B	64591	work-pr125r1-flipS98-mcp1k	25004	25	2212	0.2	1.4	-1.00
B	408304	work-pr125r1-flipS141-mcp2k	19013	19	11	0.2	1.4	-1.00
B	403023	work-pr125r1-flipS141-mcp2k	21004	21	11	0.2	1.2	-1.00
B	172266	work-pr125r1-flipS141-mcp1k	53027	53	11	0.2	1.1	-1.00
B	64409	work-pr125r1-flipS141-mcp1k	10035	10	11	0.1	0.3	-1.00
B	58006	work-pr125r1-flipS141-mcp2k	16012	16	2212	0.1	1.9	-1.00
B	165157	work-pr125r1-flipS98-mcp2k	14003	14	11	0.1	2.0	-1.00
B	167612	work-pr125r1-flipS141-mcp2k	62026	62	11	0.1	0.2	-1.00
B	173819	work-pr125r1-flipS141-mcp2k	22029	22	11	0.1	0.7	-1.00
B	287007	work-pr125r1-flipS141-mcp1k	41013	41	2212	0.1	0.9	-1.00
B	196649	work-pr125r1-flipS98-nuecc48	16078	16	11	0.1	1.2	-1.00
B	58006	work-pr125r1-flipS141-mcp2k	14010	14	11	0.1	1.1	-1.00
B	400474	work-pr125r1-flipS98-nuecc48	21039	21	11	0.1	1.7	-1.00
B	400504	work-pr125r1-flipS141-mcp1k	12002	12	2212	0.1	0.8	-1.00
B	55740	work-pr125r1-flipS141-mcp2k	70036	70	11	0.1	1.3	-1.00
B	318769	work-pr125r1-flipS141-mcp2k	70042	70	11	0.1	1.4	-1.00
B	219295	work-pr125r1-flipS98-nuecc48	21072	21	11	0.1	1.6	-1.00
B	318703	work-pr125r1-flipS141-mcp2k	21036	21	11	0.1	1.7	-1.00
B	410008	work-pr125r1-flipS141-mcp1k	91019	91	11	0.1	1.7	-1.00
B	170761	work-pr125r1-flipS141-mcp2k	14027	14	11	0.1	1.4	-1.00
B	72786	work-pr125r1-flipS141-mcp2k	19031	19	11	0.1	1.5	-1.00
B	64591	work-pr125r1-flipS98-mcp1k	84052	84	11	0.1	0.5	-1.00
B	58006	work-pr125r1-flipS141-mcp2k	59037	59	11	0.1	1.4	-1.00
B	47696	work-pr125r1-flipS141-mcp2k	37003	37	11	0.1	0.2	-1.00
B	287007	work-pr125r1-flipS141-mcp1k	20006	20	11	0.1	0.8	-1.00
B	285443	work-pr125r1-flipS141-mcp1k	22006	22	11	0.0	0.4	-1.00
B	398191	work-pr125r1-flipS141-mcp2k	65008	65	11	0.0	0.7	-1.00
B	390634	work-pr125r1-flipS141-mcp2k	23024	23	11	0.0	1.4	-1.00
B	47696	work-pr125r1-flipS141-mcp2k	35001	35	11	0.0	0.3	-1.00
B	285567	work-pr125r1-flipS98-ncpi0	15047	15	211	0.0	0.2	-1.00
B	51546	work-pr125r1-flipS141-mcp2k	23001	23	211	0.0	0.0	-1.00
C	284200	work-pr125r1-flipS141-mcp1k	31043	31	4	5.4	0.0	2.03
