event	shower	seg	angle_v1	angle_v2	pair_dis_cm	q	verdict	final_owner	seed
166870	87058	42030	2.7	30.5	46.6	57957.0	ADMITTED	87058	0
166870	87058	51039	7.4	62.4	38.5	91051.8	ADMITTED	87058	0
169626	42042	53063	22.9	101.7	44.4	505068.8	ADMITTED	42042	0
169626	42042	53069	21.3	107.6	38.8	612324.1	ADMITTED	42042	0
169626	42042	53070	19.6	107.1	34.6	1690299.7	ADMITTED	42042	0
169626	42042	53071	21.3	107.6	38.8	266207.9	ADMITTED	42042	0
172266	40019	47021	6.3	178.7	7.0	48864.1	ADMITTED	40019	0
172266	33012	48022	22.1	172.2	0.2	215319.4	ADMITTED	33012	0
175896	63019	59007	17.4	172.5	16.5	0.0	REFUSED	17043	0
175896	63019	65024	2.7	176.6	11.6	0.0	REFUSED	17043	0
278420	61027	72038	18.8	30.3	16.4	94658.5	ADMITTED	61027	0
278420	79053	71037	24.9	53.7	10.8	0.0	REFUSED	18002	0
278420	25007	64030	5.9	164.7	50.1	0.0	REFUSED	64030	0
278794	44022	34010	23.6	97.5	36.3	0.0	REFUSED	7002	0
280972	75099	50067	24.6	34.9	38.2	29578.3	ADMITTED	75099	0
280972	79136	70073	22.6	31.5	56.1	61250.3	ADMITTED	79136	0
280972	79136	72076	20.0	40.9	31.2	2238183.3	ADMITTED	79136	0
281485	87078	70049	21.3	46.4	31.1	55093.7	ADMITTED	87078	0
281485	87078	84070	12.9	55.7	20.4	376265.3	ADMITTED	87078	0
281485	87078	84072	16.3	33.1	25.7	68401.2	ADMITTED	87078	0
281485	87078	84073	22.5	53.2	23.4	82551.2	ADMITTED	87078	0
281485	87078	84074	12.9	55.7	20.4	303386.6	ADMITTED	87078	0
281485	15036	74053	19.8	118.7	16.0	0.0	ADMITTED	15036	0
281485	89095	91107	24.7	56.6	29.5	152938.6	ADMITTED	91112	0
281485	89095	91111	24.0	69.5	25.4	192340.5	ADMITTED	91112	0
281485	89095	91113	24.0	69.5	25.4	313109.4	ADMITTED	91112	0
281485	90104	66045	10.9	138.1	25.1	32231.1	ADMITTED	90104	0
283515	24014	60020	12.6	32.5	47.2	58429.3	ADMITTED	24014	0
283515	66036	61021	9.8	159.1	38.7	124480.0	ADMITTED	66036	0
283515	66036	62022	10.0	110.5	53.0	113377.1	ADMITTED	66036	0
283515	66036	63023	23.8	93.2	59.4	80416.0	ADMITTED	66036	0
283515	66036	64024	9.0	75.5	57.2	60458.1	ADMITTED	66036	0
283515	66036	65025	11.2	46.1	58.3	34114.2	ADMITTED	66036	0
284200	6013	19018	23.8	50.5	46.1	39489.8	ADMITTED	6013	0
284200	6013	32039	23.2	70.2	31.3	1236019.0	ADMITTED	6013	0
284200	6013	33040	17.7	103.6	23.1	22311.3	ADMITTED	6013	0
284235	38019	32013	16.4	132.3	54.5	23399.9	ADMITTED	38019	0
286655	80055	65014	24.6	43.8	72.3	0.0	REFUSED	65014	0
286655	19006	68017	9.2	148.9	13.1	72709.2	ADMITTED	19006	0
286681	44028	41025	24.1	50.2	35.3	63787.6	ADMITTED	44028	0
287830	42052	21045	23.0	43.9	66.7	0.0	REFUSED	21042	0
287830	42052	59078	14.8	35.4	59.3	37679.5	ADMITTED	42052	0
287830	21042	60079	21.2	43.7	67.0	23435.6	ADMITTED	21042	0
292643	103024	105026	18.3	41.1	30.7	1007889.8	ADMITTED	103024	0
293149	38017	31010	23.4	36.2	70.6	0.0	REFUSED	31010	0
293149	38017	33012	8.3	120.1	23.7	165846.7	ADMITTED	38017	0
293149	38017	52023	11.8	86.0	26.9	406739.7	ADMITTED	38017	0
293149	38017	52024	7.8	66.7	28.0	127987.9	ADMITTED	38017	0
293149	38017	52025	14.3	97.6	26.2	792945.8	ADMITTED	38017	0
293149	52031	26005	11.6	35.9	91.3	0.0	REFUSED	29008	0
293149	52031	28007	17.8	55.4	74.0	0.0	REFUSED	29008	0
317939	30022	110047	16.0	41.3	17.6	91957.5	ADMITTED	30022	0
321767	41012	45019	22.3	115.0	19.6	1241211.6	ADMITTED	41012	0
321767	41012	45031	23.3	106.5	26.0	447187.6	ADMITTED	41012	0
321767	41012	48034	13.0	101.0	26.1	84021.5	ADMITTED	41012	0
321767	21009	45030	8.2	141.9	11.4	0.0	REFUSED	47033	0
321767	21009	47033	4.2	137.3	35.9	0.0	REFUSED	47033	0
347085	72066	71058	6.5	130.1	9.6	233966.0	ADMITTED	72066	0
347085	68035	34020	24.6	60.2	44.8	46828.5	ADMITTED	68035	0
347085	68035	36022	16.8	34.6	52.0	38097.1	ADMITTED	68035	0
347129	40032	11000	10.3	99.0	68.0	1247045.5	ADMITTED	40032	0
347129	40032	39005	22.0	116.3	72.7	56405.4	ADMITTED	40032	0
347129	40032	42008	24.6	110.8	76.9	25569.3	ADMITTED	40032	0
348471	63050	35015	18.6	74.2	49.4	0.0	REFUSED	60026	0
348471	63050	36016	16.2	115.9	36.7	0.0	REFUSED	60026	0
348471	63050	60024	20.5	152.3	19.4	0.0	REFUSED	60026	0
348471	63050	60025	20.5	152.3	19.4	0.0	REFUSED	60026	0
348471	63050	61041	18.7	141.8	30.1	0.0	REFUSED	60026	0
348471	63050	62047	17.3	150.6	33.1	0.0	REFUSED	60026	0
348471	63050	62048	18.4	152.5	34.7	0.0	REFUSED	60026	0
348471	63050	62049	19.9	148.5	29.8	0.0	REFUSED	60026	0
349549	37037	19026	23.3	30.6	74.3	0.0	REFUSED	19032	0
349549	37037	43043	24.6	35.9	36.5	101834.3	ADMITTED	37037	0
349549	19032	35035	19.2	166.1	21.7	0.0	REFUSED	35035	0
349549	45046	41041	12.9	138.8	59.0	0.0	REFUSED	41041	0
350121	31042	21024	19.7	38.6	53.3	0.0	REFUSED	21024	0
350121	31042	27030	23.5	132.3	18.7	0.0	REFUSED	2011	0
350121	28031	14017	9.4	71.1	85.9	0.0	REFUSED	2011	0
350121	28031	16019	17.2	121.5	74.8	0.0	REFUSED	2011	0
350121	28031	22025	19.5	166.3	21.6	0.0	REFUSED	30041	0
350121	28031	23026	17.6	143.1	39.6	0.0	REFUSED	30041	0
350121	28031	30041	24.7	169.9	29.0	0.0	REFUSED	30041	0
350121	26029	2015	22.5	159.8	42.3	0.0	REFUSED	2011	0
350121	26029	2016	22.5	159.8	42.3	0.0	REFUSED	2011	0
350121	26029	17020	16.6	160.1	44.1	0.0	REFUSED	2011	0
350121	26029	25028	10.5	149.5	119.9	0.0	REFUSED	25028	0
350121	20023	2013	18.3	132.9	32.9	0.0	REFUSED	2011	0
350121	20023	2014	18.3	132.9	32.9	0.0	REFUSED	2011	0
386948	86045	90056	24.0	30.3	48.5	0.0	REFUSED	92076	0
386948	91060	16009	14.5	35.3	70.4	1120367.8	ADMITTED	91060	0
386948	91060	66022	16.8	63.6	61.0	71953.3	ADMITTED	91060	0
386948	91060	73029	21.0	82.0	49.1	86576.4	ADMITTED	91060	0
386948	91060	76035	20.5	51.6	64.1	292825.3	ADMITTED	91060	0
393212	6009	49030	18.9	71.4	30.2	27707.1	ADMITTED	6009	0
393212	52033	46027	24.0	49.9	62.6	0.0	REFUSED	46027	0
399118	15009	56026	17.3	38.4	77.0	50620.5	ADMITTED	15009	0
401450	75083	74082	20.3	73.9	19.2	12511.0	ADMITTED	75083	0
401450	75083	80088	17.8	41.3	27.0	0.0	REFUSED	23018	0
401450	25060	56065	19.9	115.7	54.4	0.0	REFUSED	56065	0
409634	27015	67024	24.3	152.4	41.6	0.0	REFUSED	21002	0
409634	27015	69032	9.3	169.7	7.4	0.0	REFUSED	69032	1
409634	27015	69033	9.3	169.7	7.4	0.0	REFUSED	69032	1
410008	102042	101041	10.4	102.4	72.2	0.0	REFUSED	101041	0
486687	103067	83024	14.0	46.4	38.7	26579.7	ADMITTED	103067	0
486687	89041	82023	14.4	152.7	6.2	0.0	REFUSED	82023	0
486687	75016	95047	11.5	120.0	91.5	0.0	REFUSED	95047	0
486907	24002	94051	18.9	37.8	54.8	58571.8	ADMITTED	24002	0
54341	101041	82024	12.8	171.3	7.8	18361.8	ADMITTED	101041	0
54341	101041	100039	9.3	152.6	12.1	17898.5	ADMITTED	101041	0
54341	96031	77019	8.9	42.8	36.3	14258.1	ADMITTED	96031	1
58755	98020	99021	14.6	39.6	33.4	0.0	REFUSED	30003	0
71178	66021	80026	20.8	41.5	12.8	288637.3	ADMITTED	66021	0
100222	121231	80067	24.1	123.6	39.4	0.0	REFUSED	80067	0
100222	121231	83070	6.3	129.5	28.5	0.0	REFUSED	80067	0
100222	75062	14003	23.9	150.4	38.4	0.0	REFUSED	-1	0
100222	75062	69056	11.8	116.3	111.4	0.0	REFUSED	69056	0
100222	67054	14003	24.5	171.1	38.4	0.0	REFUSED	-1	0
100222	106072	14003	23.5	171.9	38.4	0.0	REFUSED	-1	0
100222	119224	14003	17.7	168.0	74.5	0.0	REFUSED	-1	0
100222	119224	74061	10.5	164.7	53.3	0.0	REFUSED	82069	0
100222	119224	82069	12.6	165.1	53.9	0.0	REFUSED	82069	0
100222	62049	14003	24.4	158.6	74.5	0.0	REFUSED	-1	0
165157	53026	45018	23.1	161.5	25.0	0.0	REFUSED	45018	0
165157	53026	58027	4.1	154.9	20.8	0.0	REFUSED	45018	0
165157	16050	41014	14.2	161.2	29.7	0.0	REFUSED	42015	0
165157	16050	42015	21.3	161.1	39.2	0.0	REFUSED	42015	0
170098	78064	55010	18.6	33.6	39.3	47658.3	ADMITTED	78064	0
170098	78064	79065	14.8	35.2	30.6	68519.7	ADMITTED	78064	0
170761	43046	30033	18.7	32.2	32.5	0.0	REFUSED	8026	0
171729	24018	19011	16.4	34.0	44.0	17292.5	ADMITTED	24018	0
173093	18017	67046	18.7	42.1	16.9	111928.4	ADMITTED	18017	0
173093	18017	69048	21.8	31.0	47.0	25295.3	ADMITTED	18017	0
173093	12007	50021	15.8	31.2	61.9	52998.7	ADMITTED	12007	0
173093	12007	57028	18.9	33.4	66.4	21359.8	ADMITTED	12007	0
173819	34036	39039	11.7	79.6	20.0	131598.1	ADMITTED	34036	0
174771	91075	85058	24.5	58.1	42.1	448917.0	ADMITTED	91075	0
174771	91075	85060	15.6	56.9	35.1	998890.1	ADMITTED	91075	0
174771	88068	78051	15.5	109.1	47.6	30877.1	ADMITTED	88068	0
174771	88068	83056	18.0	67.2	77.0	32676.2	ADMITTED	88068	0
174771	88068	89069	20.7	105.5	51.3	1941755.0	ADMITTED	88068	0
174771	80053	51035	16.3	87.0	65.0	0.0	REFUSED	51035	0
174771	80053	53037	24.8	94.2	59.7	0.0	REFUSED	53037	0
174771	87065	52036	17.8	156.2	30.9	0.0	REFUSED	52036	0
174771	87065	58042	17.1	156.5	79.7	61770.3	ADMITTED	87065	0
176502	23030	93056	24.0	30.5	50.1	0.0	REFUSED	109119	0
176502	157274	152269	3.3	92.4	40.8	0.0	REFUSED	152269	0
176502	96059	109141	20.4	157.4	52.4	0.0	REFUSED	109141	0
176502	82045	109141	22.8	107.2	78.9	0.0	REFUSED	109141	0
176502	151268	109141	2.0	88.0	78.9	0.0	REFUSED	109141	0
176502	103066	20008	23.5	168.8	57.2	0.0	REFUSED	-1	0
176986	67048	46021	19.7	32.3	29.7	30158.3	ADMITTED	67048	0
176986	67048	65032	16.5	38.8	16.6	115835.9	ADMITTED	67048	0
176986	67048	66033	23.6	42.8	20.9	80346.5	ADMITTED	67048	0
176986	69045	38011	15.6	40.6	42.1	24790.3	ADMITTED	69045	0
179369	90026	78014	8.3	118.7	20.8	0.0	REFUSED	78014	0
179369	108044	72008	15.3	149.6	71.7	0.0	REFUSED	17003	0
179369	108044	74010	18.8	160.4	34.6	0.0	REFUSED	17003	0
179369	108044	79015	18.2	166.5	33.5	0.0	REFUSED	17003	0
179369	108044	80016	24.2	169.1	24.7	0.0	REFUSED	17003	0
179369	108044	92028	18.4	167.6	30.3	0.0	REFUSED	17003	0
179369	108044	105041	11.6	108.1	87.4	0.0	REFUSED	105041	0
179369	52059	12000	12.5	34.3	52.2	0.0	REFUSED	12000	0
179369	52059	36008	16.7	72.0	37.0	0.0	REFUSED	12006	0
179369	52059	38010	22.0	76.0	38.8	0.0	REFUSED	12006	0
179369	52059	53025	3.6	51.8	33.9	108610.1	ADMITTED	52059	0
179369	52059	56028	20.7	63.9	43.7	73783.8	ADMITTED	52059	0
179369	99061	46018	11.9	161.1	8.6	215812.5	ADMITTED	99061	0
179369	99061	96046	24.2	160.7	6.9	330840.0	ADMITTED	99061	0
179369	99061	100053	9.3	155.8	21.0	1736832.7	ADMITTED	99061	0
179369	41013	40012	20.2	133.1	41.4	32691.9	ADMITTED	41013	0
179369	61033	52024	6.2	114.8	38.5	0.0	REFUSED	-1	0
179369	58030	48020	20.1	158.2	7.7	0.0	REFUSED	55027	0
179369	58030	55027	13.9	154.9	28.3	0.0	REFUSED	55027	0
179369	58030	59031	8.8	84.0	84.3	0.0	REFUSED	59031	0
179369	94040	63035	13.2	171.8	75.2	55292.5	ADMITTED	94040	0
179369	101054	12003	3.9	99.0	65.3	1626850.6	ADMITTED	101054	0
179369	101054	50022	17.0	133.9	15.1	33583.5	ADMITTED	101054	0
179369	101054	52024	5.5	106.1	57.3	0.0	REFUSED	-1	0
179369	101054	57029	23.8	109.7	62.5	42477.3	ADMITTED	101054	0
179611	71014	72015	4.1	177.7	9.0	0.0	REFUSED	10001	0
181050	68031	54014	17.4	37.1	22.0	0.0	REFUSED	15005	0
181050	68031	56016	14.8	63.4	11.6	0.0	REFUSED	15005	0
181050	68031	69038	6.7	56.2	11.7	0.0	REFUSED	15005	0
181050	68031	69039	8.0	73.1	10.3	0.0	REFUSED	15005	0
181050	70052	50010	17.7	35.0	44.7	43658.4	ADMITTED	70052	0
181050	70052	51011	16.4	37.7	37.3	84682.4	ADMITTED	70052	0
181050	70052	53013	24.3	64.7	22.6	38839.8	ADMITTED	70052	0
181050	67027	57017	10.5	35.0	36.4	0.0	REFUSED	15005	0
181050	67027	70041	24.3	41.4	57.0	0.0	REFUSED	-1	0
181050	72044	21008	10.0	91.2	80.3	0.0	REFUSED	21008	0
181050	72044	60020	22.7	130.0	47.2	0.0	REFUSED	21008	0
275011	46018	41013	15.0	98.7	21.4	0.0	REFUSED	41013	0
275011	46018	56029	23.0	109.7	14.6	0.0	REFUSED	41013	0
275011	46018	58032	9.7	123.6	6.8	0.0	REFUSED	41013	0
280159	24015	23014	18.4	100.1	39.0	0.0	REFUSED	23014	0
280159	47038	55040	21.6	126.8	71.2	0.0	REFUSED	55040	0
281165	24010	47014	20.8	83.7	35.7	43639.8	ADMITTED	24010	0
281165	24010	57026	12.9	30.0	59.1	130846.3	ADMITTED	24010	0
281165	24010	59028	17.7	37.8	60.7	47658.4	ADMITTED	24010	0
281165	24010	62031	20.7	38.7	68.1	50380.5	ADMITTED	24010	0
281165	53020	52019	22.7	77.5	52.0	0.0	REFUSED	52019	0
281325	8004	30019	4.0	157.5	18.2	99945.7	ADMITTED	8004	0
281325	8004	32021	8.9	156.4	22.3	132040.0	ADMITTED	8004	0
281325	8004	33022	10.4	148.1	31.2	49757.8	ADMITTED	8004	0
281325	8004	43040	11.6	162.6	23.3	90629.7	ADMITTED	8004	0
281567	9025	97140	21.1	36.6	33.4	59315.9	ADMITTED	9025	0
281567	9025	98156	10.2	31.7	21.7	1529956.6	ADMITTED	9025	0
281567	51062	75086	22.8	148.1	19.4	23303.6	ADMITTED	51062	0
281567	107216	52063	4.2	55.9	48.1	32352.5	ADMITTED	107216	0
281567	107216	99177	22.4	134.2	16.0	0.0	REFUSED	51062	0
281567	107216	99179	8.9	130.9	13.3	267571.2	ADMITTED	107216	0
281567	107216	99183	5.2	124.2	17.3	61872.0	ADMITTED	107216	0
281567	107216	99184	11.1	126.7	17.2	314336.2	ADMITTED	107216	0
281567	107216	99185	5.6	124.0	17.7	551906.1	ADMITTED	107216	0
281567	107216	99187	6.9	124.8	17.3	81915.3	ADMITTED	107216	0
281567	107216	99188	7.3	124.9	15.6	394968.9	ADMITTED	107216	0
281567	107216	99190	14.3	126.5	18.3	762008.5	ADMITTED	107216	0
281567	107216	99192	10.1	130.4	11.8	129706.0	ADMITTED	107216	0
281567	107216	99194	10.1	130.4	11.8	478820.4	ADMITTED	107216	0
281567	81098	61072	13.4	71.6	79.8	0.0	REFUSED	61072	0
281567	81098	63074	16.2	66.6	75.1	0.0	REFUSED	107216	0
281567	81098	85104	22.6	158.3	54.6	0.0	REFUSED	107216	0
281567	81098	108217	20.6	175.4	36.1	0.0	REFUSED	107216	0
281567	32043	30041	7.4	174.5	72.9	60050.9	ADMITTED	32043	0
281567	32043	31042	10.5	131.8	61.1	40899.0	ADMITTED	32043	0
281567	16039	9033	13.7	172.3	41.9	0.0	REFUSED	-1	0
281781	89069	74039	17.6	35.8	32.4	55429.1	ADMITTED	89069	0
281781	80045	51016	22.8	138.6	12.1	0.0	REFUSED	51016	0
281781	80045	59024	21.5	80.0	43.4	44874.6	ADMITTED	80045	0
281781	86055	87063	8.1	32.1	98.4	49464.8	ADMITTED	86055	0
281781	60025	82047	10.5	146.4	115.5	0.0	REFUSED	82047	0
282271	51038	43030	12.5	93.5	13.1	34833.0	ADMITTED	51038	0
282909	75060	77073	23.8	40.3	37.0	195003.9	ADMITTED	75060	0
289246	63034	44024	15.0	140.9	51.2	33687.8	ADMITTED	63034	0
289246	63034	45025	19.6	173.0	47.0	112616.4	ADMITTED	63034	0
289246	63034	66037	17.0	136.7	73.6	65514.7	ADMITTED	63034	0
289246	63034	68039	12.1	149.4	55.1	30560.3	ADMITTED	63034	0
289246	63034	74045	8.2	97.7	83.4	0.0	REFUSED	74045	0
292524	83073	27025	18.0	43.0	45.8	18116.0	ADMITTED	83073	0
292524	83073	31029	18.6	64.1	35.8	92460.2	ADMITTED	83073	0
293536	60024	54018	18.3	61.3	42.9	0.0	REFUSED	15001	0
294174	56045	53042	24.9	139.0	36.9	0.0	REFUSED	16028	0
294174	56045	57046	13.1	106.3	70.7	0.0	REFUSED	61050	0
294174	56045	61050	11.7	95.2	81.0	0.0	REFUSED	61050	0
294174	64065	60049	6.8	114.8	100.5	0.0	REFUSED	60049	0
318703	40043	47046	19.4	151.9	70.0	0.0	REFUSED	47046	0
318769	143101	119068	22.0	34.2	52.3	38061.8	ADMITTED	143101	0
318769	143101	123072	14.3	72.9	20.2	14740.5	ADMITTED	143101	0
318769	143101	125074	14.5	136.7	12.4	29934.2	ADMITTED	143101	0
318769	137086	117066	18.0	64.3	58.1	30395.1	ADMITTED	137086	0
318769	137086	126075	14.4	62.7	53.3	31059.9	ADMITTED	137086	0
318769	64036	19001	7.2	88.6	114.3	0.0	REFUSED	65037	0
318769	64036	65037	9.1	87.0	116.0	0.0	REFUSED	65037	0
318769	64036	133082	24.3	147.2	44.9	0.0	REFUSED	31026	0
318769	64036	134083	21.1	143.4	37.5	0.0	REFUSED	31026	0
321367	35022	32019	11.3	55.8	42.8	39139.1	ADMITTED	35022	0
390634	37038	17018	22.1	77.8	47.7	0.0	REFUSED	17018	0
390634	37038	24025	12.0	150.0	11.8	52394.9	ADMITTED	37038	0
396037	69026	57009	14.2	55.0	19.6	41969.9	ADMITTED	69026	0
396222	114219	72148	15.7	31.1	29.8	114215.4	ADMITTED	114219	0
396222	129310	49125	23.3	32.2	60.7	0.0	REFUSED	9059	0
396222	129310	50126	22.8	46.5	35.9	0.0	REFUSED	9059	0
396222	129310	116226	20.0	58.9	32.7	0.0	REFUSED	9059	0
396222	129310	116228	16.9	49.9	34.8	0.0	REFUSED	9059	0
396222	129310	116232	10.3	35.0	35.8	0.0	REFUSED	9059	0
396222	129310	116233	23.1	60.5	34.2	0.0	REFUSED	9059	0
396222	129310	128276	16.8	37.4	40.4	0.0	REFUSED	9059	0
396222	75151	9084	10.2	80.0	31.4	0.0	REFUSED	9084	0
396222	75151	38114	23.7	71.9	42.9	0.0	REFUSED	97175	0
396222	75151	73149	9.9	32.5	97.5	0.0	REFUSED	131320	0
396222	75151	131320	8.8	32.4	91.6	0.0	REFUSED	131320	0
396222	75151	131323	8.8	32.4	91.6	0.0	REFUSED	131320	0
396222	97175	38114	24.8	131.4	42.9	97665.5	ADMITTED	97175	0
396222	97175	52128	0.4	151.2	42.8	40898.2	ADMITTED	97175	0
396222	97175	53129	18.2	64.4	64.2	64790.3	ADMITTED	97175	0
396222	97175	63139	9.2	37.6	59.7	146082.4	ADMITTED	97175	0
396222	97175	68144	15.6	94.0	52.2	80064.3	ADMITTED	97175	0
396222	97175	101183	14.7	159.5	31.5	87206.5	ADMITTED	97175	0
396222	97175	106188	5.4	54.5	59.2	52219.5	ADMITTED	97175	0
396222	97175	107189	3.1	66.5	55.1	24426.1	ADMITTED	97175	0
396222	97175	123255	6.2	67.1	55.3	446006.6	ADMITTED	97175	0
396222	95173	70146	10.0	59.2	92.5	35350.0	ADMITTED	95173	0
396222	130313	9084	9.6	134.6	31.4	0.0	REFUSED	9084	0
396222	130313	39115	23.9	96.5	77.4	0.0	REFUSED	39115	0
397630	33038	24014	11.9	43.7	72.7	24813.0	ADMITTED	33038	0
397630	33038	27017	19.1	111.8	50.7	16456.5	ADMITTED	33038	0
406125	38021	74055	14.7	42.5	26.2	748416.5	ADMITTED	38021	0
406125	38021	74056	23.0	41.0	37.7	157640.5	ADMITTED	38021	0
408678	42017	38013	3.8	101.0	25.2	62698.2	ADMITTED	42017	0
408678	42017	39014	24.3	104.8	29.4	33639.2	ADMITTED	42017	0
408678	42017	55030	5.5	95.2	28.1	28260.0	ADMITTED	42017	0
412242	64054	65055	15.9	119.3	14.7	345864.9	ADMITTED	64054	0
412242	50049	49048	19.1	129.6	7.2	28416.1	ADMITTED	50049	0
412242	50049	78068	22.8	71.9	26.2	56429.6	ADMITTED	50049	0
412242	60050	14007	18.5	165.0	3.7	2592809.9	ADMITTED	60050	0
412242	60050	14008	22.2	53.6	37.5	0.0	REFUSED	50049	0
412242	60050	28036	21.8	35.5	52.6	0.0	REFUSED	64054	0
412242	60050	14073	18.5	165.0	3.7	2241897.3	ADMITTED	60050	0
412242	46045	47046	11.8	41.7	40.0	29330.6	ADMITTED	46045	0
412242	46045	48047	13.5	34.2	39.8	30783.4	ADMITTED	46045	0
412242	46045	76066	13.0	69.6	38.1	51414.6	ADMITTED	46045	0
412242	46045	77067	13.8	53.7	46.4	15758.3	ADMITTED	46045	0
412242	79069	68058	10.9	70.6	71.5	0.0	REFUSED	50049	0
412242	79069	75065	19.8	118.9	48.3	0.0	REFUSED	50049	0
415278	97153	64113	24.9	150.9	36.3	0.0	REFUSED	-1	0
415278	97153	70126	8.7	150.3	48.2	39633.1	ADMITTED	97153	0
415278	97153	81137	11.5	56.0	73.0	37745.9	ADMITTED	97153	0
415278	97153	83139	22.2	114.1	55.8	88416.0	ADMITTED	97153	0
415278	97153	85141	11.4	34.5	85.2	0.0	REFUSED	85141	0
415278	97153	88144	20.9	153.1	40.0	75382.2	ADMITTED	97153	0
415278	97153	89145	15.2	148.8	46.2	48016.5	ADMITTED	97153	0
415278	97153	99156	15.7	62.7	74.7	376500.5	ADMITTED	97153	0
415278	97153	99157	15.2	56.1	78.4	320396.3	ADMITTED	97153	0
415278	100161	23047	21.8	142.6	37.1	0.0	REFUSED	23047	0
415278	105182	64113	23.6	143.1	36.3	0.0	REFUSED	-1	0
415278	105182	111188	5.7	71.6	97.3	0.0	REFUSED	111188	0
415278	112192	56092	19.2	131.0	22.9	0.0	REFUSED	56092	0
47212	59027	56024	21.3	138.9	32.3	178897.1	ADMITTED	59027	0
47696	39005	36002	7.7	35.2	69.4	53181.4	ADMITTED	39005	0
47696	39005	41007	6.4	155.9	34.2	0.0	REFUSED	16000	0
47696	39005	46008	13.8	165.7	26.6	0.0	REFUSED	16000	0
47696	39005	47009	15.7	167.9	32.1	0.0	REFUSED	16000	0
499423	54036	55037	18.9	42.3	14.0	69437.8	ADMITTED	54036	0
499423	54036	56038	10.6	46.9	11.6	57639.1	ADMITTED	54036	0
499423	48022	36010	17.2	83.5	76.2	0.0	REFUSED	11045	0
499423	48022	43017	21.7	153.9	26.6	43273.4	ADMITTED	48022	0
499423	48022	45019	17.9	101.9	66.1	0.0	REFUSED	11045	0
499423	48022	47021	11.7	144.2	63.5	21641.1	ADMITTED	48022	0
499423	48022	51031	9.4	143.1	51.4	296308.1	ADMITTED	48022	0
499577	76044	67034	24.8	72.5	14.3	34208.3	ADMITTED	76044	0
52044	58029	24009	14.4	162.5	25.6	832966.8	ADMITTED	58029	1
52044	58029	24010	17.5	165.8	41.3	196470.8	ADMITTED	58029	0
52044	58029	24011	18.6	164.8	18.8	0.0	REFUSED	-1	0
52044	58029	24012	17.4	166.2	41.2	96035.4	ADMITTED	58029	0
52605	45011	42008	24.0	56.7	57.8	52139.7	ADMITTED	45011	0
54332	84046	89051	13.9	35.8	28.0	224407.3	ADMITTED	84046	0
54332	97060	88050	22.4	40.3	72.3	0.0	REFUSED	88050	0
54332	97060	90052	9.7	62.4	35.1	0.0	REFUSED	16017	0
54332	97060	124100	20.7	126.5	17.2	0.0	REFUSED	16017	0
54332	69031	71033	8.2	81.8	57.0	29735.5	ADMITTED	69031	0
54332	69031	82044	22.5	119.2	46.6	129958.1	ADMITTED	69031	0
54332	77039	73035	21.2	161.6	42.4	0.0	REFUSED	73035	0
54332	77039	75037	18.9	134.3	74.0	0.0	REFUSED	75037	0
54332	77039	76038	5.3	159.2	92.7	0.0	REFUSED	122091	0
54332	77039	80042	3.5	40.1	115.3	0.0	REFUSED	122091	0
54453	57050	46039	15.3	118.8	37.2	0.0	REFUSED	46039	0
54453	57050	55048	21.2	130.8	19.3	0.0	REFUSED	46039	0
54453	24030	52045	11.3	102.8	44.4	0.0	REFUSED	52045	0
55740	22018	66032	20.3	76.2	41.0	43461.2	ADMITTED	22018	0
57709	99036	96030	15.6	33.9	54.2	52467.4	ADMITTED	99036	0
58006	58035	34019	23.6	49.8	59.5	0.0	REFUSED	34019	0
71642	78077	80089	24.1	34.4	47.1	346060.5	ADMITTED	78077	0
71642	78077	80091	24.3	35.0	45.7	140352.7	ADMITTED	78077	0
71642	78077	81092	24.7	32.9	56.4	134501.0	ADMITTED	78077	0
71642	41028	10013	11.7	73.2	34.7	0.0	REFUSED	84105	0
71642	41028	62049	16.9	95.3	24.3	404360.9	ADMITTED	41028	0
71642	41028	64051	20.2	55.9	57.6	117722.5	ADMITTED	41028	0
71642	41028	67054	17.1	56.7	38.0	22259.7	ADMITTED	41028	0
71642	41028	68055	0.8	55.2	41.4	71633.4	ADMITTED	41028	0
71642	41028	69056	12.6	52.4	37.6	78011.6	ADMITTED	41028	0
71642	76071	30017	21.4	54.3	75.2	0.0	REFUSED	41028	0
71642	76071	32019	10.0	98.4	49.1	45670.9	ADMITTED	76071	0
71642	76071	34021	16.4	43.4	76.4	51791.8	ADMITTED	76071	0
71642	76071	58045	20.5	74.3	59.5	77296.2	ADMITTED	76071	0
71642	33020	31018	22.3	153.2	52.5	0.0	REFUSED	31018	0
71642	33020	70057	24.7	131.2	45.5	0.0	REFUSED	41028	0
71872	81079	39018	21.4	134.2	24.7	0.0	REFUSED	39018	0
72786	52050	50044	24.9	30.3	38.0	65793.1	ADMITTED	52050	0
72786	52050	53051	24.9	69.6	10.3	44788.9	ADMITTED	52050	0
72786	45039	51045	16.9	79.7	38.2	0.0	REFUSED	51045	0
76350	103093	76078	24.3	60.5	17.2	134329.2	ADMITTED	103093	0
76350	103093	76079	15.4	67.0	13.0	443667.6	ADMITTED	103093	0
76350	102087	48042	24.6	40.8	28.2	0.0	REFUSED	103093	0
76350	102087	51045	22.2	32.6	27.0	67472.2	ADMITTED	102087	0
76350	102087	69063	24.9	35.1	35.0	38980.3	ADMITTED	102087	0
94224	55020	60023	12.0	125.0	19.2	0.0	REFUSED	-1	0
98844	66043	52029	18.5	113.2	43.1	0.0	REFUSED	52029	0
98844	66043	72065	22.1	118.7	35.0	0.0	REFUSED	52029	0
98844	63040	53030	23.4	129.1	49.6	0.0	REFUSED	70063	0
98844	70063	56033	20.1	154.6	55.8	0.0	REFUSED	56033	0
98844	70063	61038	14.2	138.5	73.8	0.0	REFUSED	61038	0
98844	70063	64041	18.0	134.5	74.6	0.0	REFUSED	61038	0
98844	70063	67046	7.4	57.5	104.1	426901.0	ADMITTED	70063	0
98844	70063	68058	6.4	41.4	105.1	71535.7	ADMITTED	70063	0
98844	70063	75068	17.1	139.9	70.4	0.0	REFUSED	61038	0
99838	48024	47022	17.2	42.9	49.2	39345.7	ADMITTED	48024	0
105946	55063	33007	21.1	55.6	72.0	191308.0	ADMITTED	55063	0
105946	55063	36010	18.4	51.2	71.9	157690.5	ADMITTED	55063	0
105946	55063	37011	9.2	36.9	66.8	49326.7	ADMITTED	55063	0
105946	55063	40014	18.5	66.7	61.0	141221.5	ADMITTED	55063	0
105946	55063	50025	20.1	49.8	69.2	48769.9	ADMITTED	55063	0
105946	55063	53029	18.4	51.6	71.8	722260.8	ADMITTED	55063	1
105946	55063	53030	24.4	64.3	69.1	257026.1	ADMITTED	55063	1
105946	55063	54032	14.7	52.4	64.6	152006.2	ADMITTED	55063	1
105946	39064	42016	11.3	56.2	69.3	37135.5	ADMITTED	39064	0
105946	39064	56055	16.7	133.4	53.6	191634.2	ADMITTED	39064	0
105946	39064	56056	18.8	148.1	46.3	591015.0	ADMITTED	39064	0
105946	48023	39013	8.4	80.4	100.5	0.0	REFUSED	-1	0
142421	108104	7010	21.3	39.6	14.6	5914487.0	ADMITTED	108104	1
142421	53029	52028	17.7	51.3	62.8	61970.5	ADMITTED	53029	0
180801	112061	74036	3.7	60.7	11.0	194375.7	ADMITTED	112061	0
180801	68030	62024	4.4	46.4	27.8	28003.1	ADMITTED	68030	0
180801	68030	81043	24.1	52.8	44.6	0.0	REFUSED	15082	0
180801	68030	109045	21.1	37.1	71.0	0.0	REFUSED	109045	0
180801	69031	61023	5.7	111.6	26.2	86122.6	ADMITTED	69031	0
180801	69031	65027	10.9	96.7	29.9	59220.3	ADMITTED	69031	0
180801	69031	67029	3.7	96.3	30.2	96759.1	ADMITTED	69031	0
180801	80042	59021	24.4	65.9	71.2	0.0	REFUSED	15082	0
180801	80042	70032	22.5	115.9	43.8	0.0	REFUSED	68030	0
180801	80042	71033	20.4	83.3	60.1	0.0	REFUSED	68030	0
180801	80042	73035	17.0	57.9	76.6	0.0	REFUSED	68030	0
180801	80042	77039	9.9	102.9	46.8	0.0	REFUSED	77039	0
180801	80042	110056	20.8	46.1	77.6	0.0	REFUSED	15082	0
180801	114078	63025	7.7	54.3	98.8	0.0	REFUSED	64026	0
180801	114078	64026	6.1	96.1	60.8	0.0	REFUSED	64026	0
21073	63100	33026	24.7	54.1	43.7	180253.3	ADMITTED	63100	0
21073	63100	47040	19.8	51.7	40.0	0.0	REFUSED	60081	0
21073	31023	28020	23.3	30.3	56.7	0.0	REFUSED	63100	0
21073	31023	52045	23.8	32.6	47.1	0.0	REFUSED	63100	0
259542	57029	89061	24.8	31.5	48.6	427336.9	ADMITTED	57029	0
259542	87059	17004	21.7	45.4	62.1	487299.3	ADMITTED	87059	0
259542	87059	17020	24.3	45.3	65.8	2628542.1	ADMITTED	87059	0
259542	87059	61033	22.5	52.8	54.6	46421.7	ADMITTED	87059	0
259542	87059	62034	23.2	48.3	59.0	72675.8	ADMITTED	87059	0
259542	87059	65037	20.1	153.0	24.6	35191.7	ADMITTED	87059	0
259542	87059	66038	24.5	69.9	47.6	39415.3	ADMITTED	87059	0
259542	87059	131129	24.8	55.1	69.9	0.0	REFUSED	131131	0
259542	87059	131131	22.3	53.9	66.2	0.0	REFUSED	131131	0
259542	120068	56028	23.3	101.1	45.6	0.0	REFUSED	56028	0
259542	120068	60032	14.1	119.4	40.7	0.0	REFUSED	87059	0
259542	120068	69041	24.0	52.0	59.8	51092.5	ADMITTED	120068	0
259542	120068	127097	9.8	141.3	19.2	0.0	REFUSED	127097	0
259542	120068	127099	18.1	143.3	17.2	0.0	REFUSED	127097	0
259542	88060	119065	23.3	77.4	78.0	1109023.9	ADMITTED	88060	0
259542	88060	123076	22.7	32.8	77.3	573169.2	ADMITTED	88060	0
259542	88060	123079	20.2	40.3	75.8	148330.7	ADMITTED	88060	0
259542	88060	125089	22.9	62.4	74.3	139789.2	ADMITTED	88060	0
259542	88060	131134	21.1	98.5	66.4	1143146.5	ADMITTED	88060	0
259542	88060	123137	22.7	32.8	77.3	59061.7	ADMITTED	88060	0
285567	92076	76060	16.6	94.0	59.7	0.0	REFUSED	76060	0
285567	92076	78062	22.9	133.6	31.2	0.0	REFUSED	78062	0
314838	110088	13008	22.8	32.9	39.3	849540.5	ADMITTED	110088	0
314838	110088	13010	21.6	60.6	17.4	2036454.9	ADMITTED	110088	1
314838	110088	13011	23.6	34.1	40.5	355158.8	ADMITTED	110088	0
314838	110088	13018	22.5	31.5	43.6	387592.0	ADMITTED	110088	0
314838	110088	13019	23.2	33.7	37.5	628182.7	ADMITTED	110088	0
314838	110088	107045	23.6	31.4	52.7	1581897.5	ADMITTED	110088	0
314838	110088	107046	24.5	32.1	50.5	559664.1	ADMITTED	110088	0
314838	110088	13097	23.4	33.6	42.0	95787.8	ADMITTED	110088	0
314838	87031	89033	15.0	133.8	34.9	0.0	REFUSED	110088	0
314838	109070	83027	11.8	134.8	104.1	28159.0	ADMITTED	109070	0
314838	109070	85029	11.2	90.3	110.9	53932.5	ADMITTED	109070	0
314838	109070	91035	8.4	126.3	102.0	63967.1	ADMITTED	109070	0
314838	109070	95039	10.8	118.2	105.2	58570.4	ADMITTED	109070	0
359980	75089	44054	12.4	134.3	24.5	25612.6	ADMITTED	75089	0
359980	75089	54064	20.1	31.7	66.5	40703.8	ADMITTED	75089	0
359980	75089	55065	19.0	34.3	63.1	50378.2	ADMITTED	75089	0
37112	67048	9006	24.2	39.0	31.1	1293505.0	ADMITTED	67048	0
37112	67048	9008	24.1	102.3	15.9	3272597.9	ADMITTED	67048	0
37112	67048	9009	23.8	40.3	28.9	410855.0	ADMITTED	67048	0
37112	60041	53034	19.5	102.2	54.7	0.0	REFUSED	53034	0
37112	15015	59040	14.3	143.2	33.4	0.0	REFUSED	59040	0
37112	15015	66047	14.5	143.7	30.1	0.0	REFUSED	59040	0
506114	82080	89100	5.8	84.4	86.3	232101.1	ADMITTED	82080	0
506114	82080	89101	5.7	74.4	88.5	196346.7	ADMITTED	82080	0
506114	82080	90102	5.0	71.4	89.4	219515.7	ADMITTED	82080	0
506114	60058	72070	11.5	131.0	92.8	0.0	REFUSED	72070	0
56982	71070	72071	12.2	75.5	35.5	41882.9	ADMITTED	71070	0
56982	71070	74073	19.0	153.0	26.6	17171.2	ADMITTED	71070	0
56982	71070	79078	23.0	58.8	44.2	24532.1	ADMITTED	71070	0
56982	71070	80079	24.4	162.9	22.8	69036.6	ADMITTED	71070	0
56982	71070	81080	23.7	144.4	25.8	45436.8	ADMITTED	71070	0
56982	71070	82081	19.4	57.8	41.2	77377.4	ADMITTED	71070	0
71372	97140	57099	23.8	32.3	65.8	0.0	REFUSED	57099	0
71372	97140	74116	11.1	116.8	15.0	0.0	REFUSED	-1	0
84229	69134	9058	9.9	50.5	20.2	738035.1	ADMITTED	69134	1
10550	44058	51076	16.6	102.5	64.6	0.0	REFUSED	51076	0
116962	22025	66047	10.6	91.0	30.1	65804.1	ADMITTED	22025	0
116962	22025	67056	9.0	72.5	31.7	100638.3	ADMITTED	22025	0
116962	22025	67058	8.2	73.2	31.2	108549.6	ADMITTED	22025	0
116962	22025	68059	24.4	96.9	30.2	30791.2	ADMITTED	22025	0
116962	22025	69063	23.2	106.3	26.9	423548.1	ADMITTED	22025	0
116962	22025	70064	7.7	117.5	25.0	19812.1	ADMITTED	22025	0
116962	22025	71065	21.4	124.7	21.3	31772.1	ADMITTED	22025	0
116962	22025	72066	11.3	116.8	26.5	75015.7	ADMITTED	22025	0
122660	54071	31033	4.6	98.1	83.8	3516811.8	ADMITTED	54071	0
122660	54071	40042	5.7	126.4	70.0	37493.7	ADMITTED	54071	0
122660	54071	47049	9.8	41.7	97.3	1456027.0	ADMITTED	54071	0
122660	54071	47050	8.5	46.7	98.5	513138.1	ADMITTED	54071	0
137238	43015	39011	12.7	144.0	36.7	0.0	REFUSED	39011	0
137238	43015	40012	11.5	32.1	102.5	0.0	REFUSED	40012	0
234638	51056	88111	11.0	61.5	95.2	0.0	REFUSED	90113	0
234638	51056	89112	7.6	70.4	81.3	0.0	REFUSED	90113	0
234638	51056	90113	8.2	74.9	77.9	0.0	REFUSED	90113	0
234638	50053	68073	6.3	67.5	94.2	0.0	REFUSED	68073	0
234638	14121	46049	19.1	118.6	54.5	0.0	REFUSED	46049	0
234638	14121	81091	20.5	129.2	47.3	0.0	REFUSED	81091	0
234638	14121	83092	19.6	137.4	3.0	0.0	REFUSED	83092	0
235435	42066	2053	11.7	169.5	5.3	0.0	REFUSED	2068	0
235435	42066	17056	9.8	54.9	27.3	0.0	REFUSED	2068	0
235435	42066	22061	16.1	83.2	23.7	0.0	REFUSED	2068	0
256587	57200	43186	2.9	42.3	96.8	27283.5	ADMITTED	57200	0
256587	57200	54197	10.0	74.8	84.2	51433.0	ADMITTED	57200	0
256587	66209	41184	5.2	82.2	88.8	0.0	REFUSED	50193	0
256587	66209	44187	2.1	61.9	104.2	0.0	REFUSED	50193	0
256587	66209	50193	11.5	63.8	97.2	0.0	REFUSED	50193	0
256587	66209	61204	12.3	86.1	88.4	0.0	REFUSED	50193	0
256587	66209	72215	10.6	121.6	56.1	0.0	REFUSED	72215	0
256587	63206	81224	21.4	134.2	12.1	0.0	REFUSED	81224	0
267597	37049	39051	11.7	110.1	32.0	0.0	REFUSED	39051	0
267597	63075	43055	10.0	82.3	100.1	0.0	REFUSED	43055	0
268784	58081	75109	23.5	145.1	10.7	452396.1	ADMITTED	58081	0
268784	78124	37060	21.4	66.3	38.6	26639.1	ADMITTED	78124	0
268784	78124	55078	20.0	63.0	50.1	0.0	REFUSED	55078	0
268784	78124	57080	15.3	31.5	48.9	30428.9	ADMITTED	78124	0
268784	78124	75110	13.4	154.0	11.2	228417.7	ADMITTED	78124	0
268784	78124	75111	9.1	156.2	13.0	705453.2	ADMITTED	78124	0
268784	78124	75112	10.9	160.9	12.7	213091.2	ADMITTED	78124	0
268784	20054	53076	7.2	117.0	115.2	0.0	REFUSED	53076	0
269774	13237	31043	11.7	40.6	38.1	109338.2	ADMITTED	13237	0
269774	13237	71083	20.1	37.4	57.3	130920.2	ADMITTED	13237	0
269774	13237	97193	17.9	31.6	61.3	488962.0	ADMITTED	13237	0
269774	13237	97195	18.1	35.9	53.0	482643.4	ADMITTED	13237	0
269774	13237	97197	17.7	51.0	39.2	905285.3	ADMITTED	13237	0
269774	13237	97199	18.1	35.9	53.0	91074.1	ADMITTED	13237	0
269774	13237	97200	17.9	35.0	54.6	613123.1	ADMITTED	13237	0
269774	13237	97201	17.9	39.9	47.4	508400.2	ADMITTED	13237	0
269774	42054	56068	9.9	64.5	102.3	0.0	REFUSED	56068	0
269774	41053	61073	10.6	150.4	83.8	0.0	REFUSED	61073	0
30504	63045	55037	20.1	38.9	27.3	112420.2	ADMITTED	63045	0
30504	48030	68059	18.3	127.8	7.6	0.0	REFUSED	69060	0
30504	48030	69060	7.8	125.9	10.2	0.0	REFUSED	69060	0
342199	69087	41041	17.1	31.8	15.2	61934.6	ADMITTED	69087	0
389538	78095	39041	18.5	135.4	44.0	0.0	REFUSED	40042	0
389538	78095	40042	24.6	137.4	39.4	0.0	REFUSED	40042	0
400474	82076	51054	19.4	67.3	37.0	71881.5	ADMITTED	82076	0
400474	82076	52055	17.3	65.5	42.0	56533.7	ADMITTED	82076	0
400474	82076	53056	21.4	51.2	56.2	28231.3	ADMITTED	82076	0
400474	82076	55058	20.9	38.6	47.2	90220.9	ADMITTED	82076	0
400474	82076	81074	14.2	148.5	30.9	164211.5	ADMITTED	82076	0
423981	54061	44051	24.9	35.6	37.8	70072.6	ADMITTED	54061	0
423981	54061	57064	21.9	31.7	42.0	24183.2	ADMITTED	54061	0
423981	54061	70077	21.9	31.0	43.2	50462.8	ADMITTED	54061	0
423981	59066	62069	1.9	90.7	16.2	144229.9	ADMITTED	59066	0
423981	74088	47054	18.5	151.7	30.9	0.0	REFUSED	12095	0
423981	74088	49056	20.0	172.6	41.8	0.0	REFUSED	12095	0
423981	74088	73080	19.1	133.2	32.2	0.0	REFUSED	12095	0
423981	55062	12049	24.8	160.0	36.4	0.0	REFUSED	12095	0
423981	55062	65072	18.0	76.8	60.9	0.0	REFUSED	65072	0
423981	96090	46053	4.9	121.9	61.8	180481.3	ADMITTED	96090	0
423981	96090	50057	10.3	91.8	64.8	98804.2	ADMITTED	96090	0
423981	96090	51058	7.2	38.9	79.2	16980.8	ADMITTED	96090	0
423981	96090	69076	12.9	70.0	69.9	0.0	REFUSED	12095	0
423981	96090	71078	2.4	151.3	44.5	21360.2	ADMITTED	96090	0
433451	92166	24098	14.7	113.3	13.8	0.0	REFUSED	24098	0
433451	92166	95169	24.4	75.6	36.7	0.0	REFUSED	95169	0
433451	27101	22096	9.8	123.1	21.9	0.0	REFUSED	25099	0
433451	27101	25099	14.1	93.5	42.0	0.0	REFUSED	25099	0
433451	100244	20094	21.5	160.6	15.6	0.0	REFUSED	20094	0
433451	44118	21095	17.3	118.6	28.5	0.0	REFUSED	21095	0
437699	110075	98058	2.5	155.4	102.4	0.0	REFUSED	98058	0
469665	68052	33008	8.5	56.2	86.3	0.0	REFUSED	33008	0
469665	68052	57015	15.1	158.8	12.2	0.0	REFUSED	15003	0
469665	68052	62029	18.2	157.7	34.3	0.0	REFUSED	-1	0
52672	9011	76063	11.3	113.7	36.4	113470.0	ADMITTED	9011	0
54095	85115	45081	16.4	50.9	48.3	61239.6	ADMITTED	85115	0
54095	85115	46082	21.3	45.1	71.2	80989.0	ADMITTED	85115	0
54095	85115	51087	22.3	53.1	59.4	0.0	REFUSED	17137	0
54095	85115	53089	18.5	151.3	8.4	10662.3	ADMITTED	85115	0
54095	85115	56092	22.6	53.0	36.3	17720.5	ADMITTED	85115	0
54095	85115	73109	11.1	72.8	35.2	51769.2	ADMITTED	85115	0
69314	28017	49038	13.9	70.7	61.7	0.0	REFUSED	3001	0
69314	71076	30019	14.2	151.2	71.7	0.0	REFUSED	31020	0
69314	71076	31020	22.0	149.4	77.8	0.0	REFUSED	31020	0
90055	13044	109068	20.2	156.7	73.3	43265.7	ADMITTED	13044	0
90055	128150	108067	15.4	115.3	64.2	0.0	REFUSED	124083	0
90055	128150	121080	16.7	114.0	64.3	0.0	REFUSED	124083	0
90055	128150	124083	19.4	121.7	58.2	0.0	REFUSED	124083	0
90055	128150	134094	6.5	125.5	37.8	0.0	REFUSED	124083	0
90055	146144	126085	10.7	142.5	95.1	0.0	REFUSED	126085	0
90055	113072	118077	24.8	131.1	37.3	0.0	REFUSED	124083	0
90055	113072	120079	17.4	125.1	44.5	0.0	REFUSED	124083	0
