setname	sample	event	labelsrc	gamma	e_lab	e_sh	ratio	e_sibs	nsibs	klass
98	ncpi0	21073	base	1	756.2	656.0	0.87	0.0	0	OK
98	ncpi0	21073	base	2	104.7	99.8	0.95	0.0	0	OK
98	ncpi0	37112	overlay	1	797.3	759.4	0.95	3.4	2	OK
98	ncpi0	37112	overlay	2	183.9	175.2	0.95	0.0	0	OK
98	mcp2k	47212	base	1	221.9	221.9	1.0	0.0	0	OK
98	mcp2k	47212	base	2	65.1	82.3	1.26	0.0	0	OVER
98	mcp2k	54332	base	1	182.5	214.4	1.17	0.0	0	OK
98	mcp2k	54332	base	2	65.0	65.7	1.01	0.0	0	OK
98	ncpi0	56982	overlay	1	533.4	508.0	0.95	0.0	0	OK
98	ncpi0	56982	overlay	2	149.4	142.3	0.95	6.6	1	OK
98	mcp1k	64591	base	1	298.1	288.9	0.97	0.0	0	OK
98	mcp1k	64591	base	2	50.7	50.4	0.99	0.0	0	OK
98	ncpi0	71372	base	1	120.7	113.9	0.94	0.0	0	OK
98	ncpi0	71372	base	2	65.8	80.7	1.23	0.0	0	OK
98	mcp2k	76346	base	1	246.7	243.8	0.99	0.0	0	OK
98	mcp2k	76346	base	2	5.0	-1	-1	0	0	ABSENT
98	mcp2k	99838	base	1	118.3	166.8	1.41	0.0	0	OVER
98	mcp2k	99838	base	2	108.8	103.6	0.95	0.0	0	OK
98	ncpi0	105946	base	1	604.3	489.6	0.81	149.3	2	OK
98	ncpi0	105946	base	2	60.3	44.9	0.74	0.0	0	UNDER-nosibs
98	ncpi0	142421	overlay	1	706.5	672.8	0.95	14.6	2	OK
98	ncpi0	142421	overlay	2	583.7	555.9	0.95	0.0	0	OK
98	mcp2k	165157	overlay	1	167.6	159.6	0.95	2.9	1	OK
98	mcp2k	165157	overlay	2	127.4	192.3	1.51	0.0	0	OVER
98	mcp1k	166870	base	1	173.8	179.6	1.03	0.0	0	OK
98	mcp1k	166870	base	2	38.6	38.6	1.0	0.0	0	OK
98	mcp1k	169356	base	1	100.2	95.5	0.95	0.0	0	OK
98	mcp1k	169356	base	2	84.9	84.3	0.99	0.0	0	OK
98	mcp1k	169626	base	1	537.1	511.5	0.95	22.5	2	OK
98	mcp1k	169626	base	2	107.9	102.7	0.95	0.0	0	OK
98	mcp2k	173093	base	1	261.2	213.5	0.82	39.6	1	OK
98	mcp2k	173093	base	2	38.5	37.0	0.96	0.0	0	OK
98	mcp2k	176986	overlay	1	176.5	168.1	0.95	0.0	0	OK
98	mcp2k	176986	overlay	2	120.1	114.4	0.95	0.0	0	OK
98	ncpi0	259542	overlay	1	993.0	949.7	0.96	2.8	1	OK
98	ncpi0	259542	overlay	2	138.7	132.1	0.95	1041.9	3	OK
98	nuecc48	269774	base	1	916.1	882.8	0.96	0.0	0	OK
98	nuecc48	269774	base	2	250.8	244.9	0.98	0.0	0	OK
98	mcp1k	278794	base	1	200.4	196.0	0.98	0.0	0	OK
98	mcp1k	278794	base	2	39.2	38.7	0.99	0.0	0	OK
98	mcp2k	281165	base	1	159.6	166.8	1.05	0.0	0	OK
98	mcp2k	281165	base	2	81.7	78.0	0.95	0.0	0	OK
98	mcp1k	281485	base	1	73.4	69.9	0.95	0.0	0	OK
98	mcp1k	281485	base	2	29.2	27.9	0.95	0.0	0	OK
98	mcp1k	281639	base	1	149.7	143.6	0.96	0.0	0	OK
98	mcp1k	281639	base	2	144.5	140.4	0.97	0.0	0	OK
98	mcp1k	284235	base	1	133.6	141.5	1.06	0.0	0	OK
98	mcp1k	284235	base	2	87.7	99.4	1.13	0.0	0	OK
98	ncpi0	285567	base	1	86.6	82.5	0.95	0.0	0	OK
98	ncpi0	285567	base	2	102.1	106.8	1.05	0.0	0	OK
98	ncpi0	314838	overlay	1	693.4	660.4	0.95	0.0	0	OK
98	ncpi0	314838	overlay	2	118.6	129.5	1.09	0.0	0	OK
98	nuecc48	342199	base	1	74.7	56.7	0.76	23.6	1	UNDER+SIBS
98	nuecc48	342199	base	2	126.7	64.2	0.51	57.6	1	UNDER+SIBS
98	mcp1k	347129	base	1	143.2	136.4	0.95	0.0	0	OK
98	mcp1k	347129	base	2	64.5	61.4	0.95	18.2	6	OK
98	ncpi0	359980	base	1	596.3	569.2	0.95	0.0	0	OK
98	ncpi0	359980	base	2	163.3	160.3	0.98	0.0	0	OK
98	mcp2k	396222	overlay	1	2857.4	2721.4	0.95	0.8	1	OK
98	mcp2k	396222	overlay	2	162.7	154.9	0.95	0.0	0	OK
98	mcp1k	399052	base	1	399.5	380.8	0.95	0.0	0	OK
98	mcp1k	399052	base	2	117.7	112.1	0.95	0.0	0	OK
98	mcp1k	409634	base	1	180.6	171.2	0.95	0.0	0	OK
98	mcp1k	409634	base	2	39.1	37.2	0.95	0.0	0	OK
98	mcp2k	415278	overlay	1	1301.5	1239.5	0.95	20.7	1	OK
98	mcp2k	415278	overlay	2	1149.1	1094.4	0.95	0.0	0	OK
98	ncpi0	506114	base	1	1715.0	1677.6	0.98	0.0	0	OK
98	ncpi0	506114	base	2	44.8	50.8	1.13	0.0	0	OK
98	ncpi0	506746	base	1	1038.2	995.7	0.96	0.0	0	OK
98	ncpi0	506746	base	2	78.3	113.0	1.44	43.7	1	OVER
141	mcp2k	52044	base	1	103.5	98.0	0.95	0.0	0	OK
141	mcp2k	52044	base	2	136.1	38.8	0.28	0.0	0	UNDER-nosibs
141	mcp1k	54341	base	1	341.1	281.1	0.82	0.0	0	OK
141	mcp1k	54341	base	2	47.6	23.7	0.5	0.0	0	UNDER-nosibs
141	mcp1k	56243	base	1	120.1	123.8	1.03	0.0	0	OK
141	mcp1k	56243	base	2	112.2	106.9	0.95	0.0	0	OK
141	mcp2k	57709	base	1	211.6	199.4	0.94	0.0	0	OK
141	mcp2k	57709	base	2	98.5	94.4	0.96	0.0	0	OK
141	mcp1k	71178	base	1	106.7	101.6	0.95	0.0	0	OK
141	mcp1k	71178	base	2	63.1	60.3	0.96	0.0	0	OK
141	mcp2k	71872	base	1	200.6	199.4	0.99	0.0	0	OK
141	mcp2k	71872	base	2	19.9	23.0	1.16	0.0	0	OK
141	mcp2k	74123	base	1	159.6	152.0	0.95	0.0	0	OK
141	mcp2k	74123	base	2	63.1	57.4	0.91	1.6	1	OK
141	mcp2k	91917	base	1	213.4	193.9	0.91	0.0	0	OK
141	mcp2k	91917	base	2	54.5	51.9	0.95	0.0	0	OK
141	mcp2k	99782	base	1	156.6	151.0	0.96	0.0	0	OK
141	mcp2k	99782	base	2	64.8	62.8	0.97	0.0	0	OK
141	mcp2k	103798	base	1	133.0	128.3	0.97	0.0	0	OK
141	mcp2k	103798	base	2	97.6	99.1	1.01	0.0	0	OK
141	mcp1k	168432	base	1	259.1	246.8	0.95	0.0	0	OK
141	mcp1k	168432	base	2	143.0	118.6	0.83	20.5	2	OK
141	mcp2k	171729	base	1	117.2	114.8	0.98	0.0	0	OK
141	mcp2k	171729	base	2	39.8	38.2	0.96	0.0	0	OK
141	mcp2k	242726	base	1	116.1	110.6	0.95	0.0	0	OK
141	mcp2k	242726	base	2	67.8	64.6	0.95	0.0	0	OK
141	mcp2k	280159	base	1	78.1	95.8	1.23	0.0	0	OK
141	mcp2k	280159	base	2	129.6	132.4	1.02	0.0	0	OK
141	mcp1k	280972	overlay	1	625.6	595.8	0.95	0.0	0	OK
141	mcp1k	280972	overlay	2	127.3	121.2	0.95	0.0	0	OK
141	mcp1k	283713	base	1	163.9	158.8	0.97	0.0	0	OK
141	mcp1k	283713	base	2	27.1	25.8	0.95	0.0	0	OK
141	mcp1k	285443	base	1	281.3	268.7	0.96	0.0	0	OK
141	mcp1k	285443	base	2	37.1	35.3	0.95	0.0	0	OK
141	mcp1k	286655	overlay	1	236.7	225.4	0.95	0.0	0	OK
141	mcp1k	286655	overlay	2	201.3	191.7	0.95	0.0	0	OK
141	mcp1k	292027	base	1	259.1	264.9	1.02	0.0	0	OK
141	mcp1k	292027	base	2	65.5	62.4	0.95	0.0	0	OK
141	mcp2k	292524	base	1	329.8	290.8	0.88	0.0	0	OK
141	mcp2k	292524	base	2	38.1	44.1	1.16	0.0	0	OK
141	mcp2k	347824	base	1	528.0	-1	-1	0	0	ABSENT
141	mcp2k	347824	base	2	137.0	207.9	1.52	0.0	0	OVER
141	mcp1k	348691	overlay	1	324.2	308.8	0.95	0.0	0	OK
141	mcp1k	348691	overlay	2	115.1	109.6	0.95	0.0	0	OK
141	mcp1k	349549	overlay	1	442.1	421.0	0.95	0.0	0	OK
141	mcp1k	349549	overlay	2	231.4	220.4	0.95	1.8	1	OK
141	mcp2k	392901	overlay	1	196.6	187.3	0.95	0.0	0	OK
141	mcp2k	392901	overlay	2	106.1	101.1	0.95	160.3	1	OK
141	mcp2k	397630	overlay	1	128.7	122.6	0.95	0.0	0	OK
141	mcp2k	397630	overlay	2	114.0	108.6	0.95	0.0	0	OK
141	mcp1k	399118	base	1	130.5	136.7	1.05	0.0	0	OK
141	mcp1k	399118	base	2	55.5	53.5	0.96	0.0	0	OK
141	mcp1k	400504	base	1	153.5	146.2	0.95	0.0	0	OK
141	mcp1k	400504	base	2	63.9	64.4	1.01	0.0	0	OK
141	mcp2k	403023	base	1	131.0	124.7	0.95	0.0	0	OK
141	mcp2k	403023	base	2	96.8	95.2	0.98	0.0	0	OK
141	mcp1k	486907	overlay	1	457.7	435.9	0.95	0.0	0	OK
141	mcp1k	486907	overlay	2	154.9	147.5	0.95	210.9	4	OK
141	mcp1k	489327	base	1	237.2	345.0	1.45	0.0	0	OVER
141	mcp1k	489327	base	2	46.4	44.1	0.95	0.0	0	OK
141	mcp2k	499577	base	1	103.7	99.8	0.96	0.0	0	OK
141	mcp2k	499577	base	2	40.8	38.9	0.95	0.0	0	OK
