setname	sample	event	origin	labelsrc	match	mass_vertex	mass_axis	why
98	mcp2k	47212	ncpi0	base	exact	132.75811026491846	131.4102586155196	
141	mcp1k	54341	other_em	base	exact	100.6815746980868	135.21072087119535	
141	mcp1k	56243	numucc_em	base	exact	165.92634680166552	138.85857185327333	
141	mcp2k	57709	other_em	base	exact	161.78756024411422	178.31262518374822	
98	ncpi0	71372	ncpi0	base	exact	139.23263424509608	140.04418054760515	
141	mcp2k	74123	numucc_em	base	exact	151.58041331154152	177.70337348904488	
141	mcp2k	91917	numucc_em	base	exact	140.74162841182454	152.43618946159137	
141	mcp2k	99782	numucc_em	base	exact	158.83697077197914	153.87237346672694	
98	mcp2k	99838	ncpi0	base	exact	125.75048735293461	111.9880365050334	
141	mcp2k	103798	other_em	base	exact	74.49607670055852	137.75028667686092	
98	ncpi0	105946	ncpi0	base	exact	133.8210096912716	226.3411786014171	
98	mcp1k	166870	ncpi0	base	exact	116.29154311507344	116.12680535768705	
98	mcp1k	169356	ncpi0	base	exact	138.08985754498488	155.91090960725785	
98	mcp1k	169626	owner	base	exact	145.44846908337985	144.57156906285562	
141	mcp2k	171729	numucc_em	base	exact		130.73681747607972	
98	mcp2k	173093	ncpi0	base	exact	148.99379139810804	149.85463870065396	
141	mcp2k	242726	numucc_em	base	exact	134.52706080296065	161.7599776859509	
98	mcp1k	278794	ncpi0	base	exact	159.07220820649397	143.01116149129618	
141	mcp1k	280972	numucc_em	pi0scan-0829-agent	exact	84.09813104641484	84.09813104641441	
98	mcp2k	281165	ncpi0	base	exact	148.10533784720272	137.3890466402442	
98	mcp1k	281639	ncpi0	base	exact	128.09304032730137	125.08228423087716	
98	mcp1k	284235	ncpi0	base	exact	146.45053877227502	161.0706247178788	
141	mcp1k	285443	numucc_em	base	exact	161.4970461424005	163.85765699155306	
98	ncpi0	285567	ncpi0	base	exact		147.9300576732301	
141	mcp1k	292027	numucc_em	base	exact	154.68540489877725	154.10119135496205	
141	mcp2k	292524	numucc_em	base	exact	114.29581876525504	88.03659055975979	
98	ncpi0	314838	ncpi0	pi0scan-0829-agent	exact	130.55469846653074	130.5546984665305	
141	mcp1k	348691		pi0mass-0904-owner	exact	141.8426993084444	116.70407778309685	
141	mcp2k	392901	other_em	pi0scan-0829-agent	exact	135.54458871159977	135.54458871159977	
98	mcp1k	399052	ncpi0	base	exact	159.03889679896517	161.02102551580813	
141	mcp1k	399118	numucc_em	base	exact	141.93717724610497	157.25376922237294	
141	mcp1k	400504	numucc_em	base	exact	141.7750147392416	164.8858863027366	
141	mcp2k	403023	numucc_em	base	exact	159.6084296205512	169.7025259733456	
141	mcp1k	489327	numucc_em	base	exact	130.75643741067202	124.91053951208387	
141	mcp2k	499577	numucc_em	base	exact	119.4652320022505	126.53295073705125	
98	ncpi0	506746	ncpi0	base	exact		142.62121242498984	
98	ncpi0	37112	ncpi0	pi0scan-0829-agent	no-group		363.47445599592953	
98	mcp1k	64591	ncpi0	base	no-group	149.5837856118518	173.98104698528056	
141	mcp1k	71178	other_em	base	no-group	25.645294226526467	149.77823286927205	g2:absent-on-arm; mass 26 (scaled 24) outside with-vertex window (100,160)
98	ncpi0	142421	ncpi0	pi0scan-0829-agent	no-group	259.64741891345534	259.64741891345534	g1:absent-on-arm; mass 260 (scaled 242) outside with-vertex window (100,160)
98	mcp2k	165157	ncpi0	pi0scan-0829-agent	no-group	129.85744835049886	275.73325941228	
141	mcp1k	283713		pi0mass-0904-owner	no-group	123.46469945799967	124.75829168878346	g1:pdg=13
141	mcp1k	286655		pi0mass-0904-owner	no-group	226.06989186538976	149.62056495487028	mass 226 (scaled 210) outside with-vertex window (100,160)
98	nuecc48	342199	nuecc	base	no-group	152.86601403889549	118.89753945653113	
98	mcp1k	347129	owner	base	no-group	131.1284602972805	130.69122634252085	
141	mcp1k	349549	numucc_em	pi0scan-0829-agent	no-group		279.8586585158732	
98	ncpi0	359980	ncpi0	base	no-group	157.35022974643715	184.49214176250865	
98	mcp1k	409634		pi0mass-0904-owner	no-group	96.45795949751157	86.67841031252824	mass 96 (scaled 90) outside with-vertex window (100,160)
98	ncpi0	259542	ncpi0	pi0scan-0829-agent	none	176.54250045501465	593.3284667890189	g1:absent-on-arm; g2:absent-on-arm; mass 177 (scaled 164) outside with-vertex window (100,160)
98	mcp1k	281485	ncpi0	base	none	67.22058155874241	60.612099133634885	g1:absent-on-arm; mass 67 (scaled 63) outside with-vertex window (100,160)
98	mcp2k	396222	ncpi0	pi0scan-0829-agent	none	443.8666568348182	193.185934727994	g2:absent-on-arm; mass 444 (scaled 413) outside with-vertex window (100,160)
98	ncpi0	21073		pi0mass-0904-owner	partial	182.5725648861166	179.5585702544386	mass 183 (scaled 170) outside with-vertex window (100,160)
141	mcp2k	52044	numucc_em	base	partial		195.12728488286686	
98	mcp2k	54332	ncpi0	base	partial	111.93802654558117	147.0509219562497	
98	ncpi0	56982	ncpi0	pi0scan-0829-agent	partial		559.7581852413618	
141	mcp2k	71872	numucc_em	pi0mass-0904-owner	partial	101.14115014379587	97.14203623319904	g2:pdg=211; mass 101 (scaled 94) outside with-vertex window (100,160)
98	mcp2k	76346	ncpi0	base	partial	40.77003833325798	40.76047560570244	g2:absent-on-arm; mass 41 (scaled 38) outside with-vertex window (100,160)
141	mcp1k	168432	numucc_em	pi0mass-0904-owner	partial	61.631744136586256	117.01702611882429	mass 62 (scaled 57) outside with-vertex window (100,160)
98	mcp2k	176986	ncpi0	pi0scan-0829-agent	partial	113.8196098065441	113.81960980654407	
98	nuecc48	269774	nuecc	base	partial	154.31411906030496	162.58885764081114	
141	mcp2k	280159		pi0mass-0904-owner	partial	73.5805983682643	130.361116351014	mass 74 (scaled 68) outside with-vertex window (100,160)
141	mcp2k	347824	numucc_em	base	partial	114.0077707067417	112.98648707335155	g1:absent-on-arm
141	mcp2k	397630	numucc_em	pi0scan-0829-agent	partial	57.99661570784721	72.61498159139664	mass 58 (scaled 54) outside with-vertex window (100,160)
98	mcp2k	415278	ncpi0	pi0scan-0829-agent	partial		1043.0798482341313	
141	mcp1k	486907	other_em	pi0scan-0829-agent	partial	171.6018655130771	171.6018655130771	
98	ncpi0	506114	ncpi0	base	partial	158.9218945128548	279.83645890871475	g2:absent-on-arm
