event	bucket	shower	matched	n_target	n_actual	n_inter	n_miss	n_extra	comp	pur	q_comp	q_pur	q_f1	q_target	q_actual	q_miss	q_extra	drift	miss	extra	set
21073	1 under-clustered	60081	60081	45	39	38	7	1	0.8444	0.9744	0.8848	0.9971	0.9376	12350683.9000	10958993.3000	1423386.6000	31696.0000	1	31023,31024,33026,34027,57049,64108,64109	47040	98
47212	2 over-clustered	2103	105072	24	24	24	0	0	1.0000	1.0000	1.0000	1.0000	1.0000	7502170.3000	7502170.3000	0	0	1			98
47212	2 over-clustered	70038	70038	1	1	1	0	0	1.0000	1.0000	1.0000	1.0000	1.0000	1217628.4000	1217628.4000	0	0	0			98
54332	2 over-clustered	16014	16017	13	5	4	9	1	0.3077	0.8000	0.5727	0.9817	0.7234	4842458.9000	2825207.9000	2069023.7000	51772.7000	2	97060,97062,97063,97064,98066,98067,98068,99069,129113	85047	98
54332	2 over-clustered	122091	122091	15	5	5	10	0	0.3333	1.0000	0.5762	1.0000	0.7312	3725980.8000	2147031.0000	1578949.8000	0	2	76038,77039,78040,79041,80042,81043,92054,121084,123098,123099		98
64591	1 under-clustered	83044	83044	18	19	18	0	1	1.0000	0.9474	1.0000	0.9949	0.9975	4362256.0000	4384430.5000	0	22174.5000	2		67016	98
76346	1+2 both	14059	14059	15	15	15	0	0	1.0000	1.0000	1.0000	1.0000	1.0000	3630265.1000	3630265.1000	0	0	14			98
76346	1+2 both	40030	49048	5	5	5	0	0	1.0000	1.0000	1.0000	1.0000	1.0000	1463341.1000	1463341.1000	0	0	6			98
84229	2 over-clustered	69134	9034	51	34	34	17	0	0.6667	1.0000	0.6415	1.0000	0.7816	17115201.5000	10979432.8000	6135768.7000	0	18	43074,48079,61095,63097,67102,67107,67108,68109,69134,69135,69136,69137,69140,69149,69150,69151,69154		98
105946	1 under-clustered	55063	55063	21	28	20	1	8	0.9524	0.7143	0.9742	0.9085	0.9402	8153185.2569	8742887.7000	210597.9569	800300.4000	12	53031	32006,33007,36010,37011,38012,40014,47022,50025	98
105946	1 under-clustered	56056	56056	5	2	2	3	0	0.4000	1.0000	0.9011	1.0000	0.9480	868554.6000	782649.2000	85905.4000	0	1	39013,42016,50025		98
122660	1 under-clustered	9110	9110	47	40	38	9	2	0.8085	0.9500	0.7478	0.8246	0.7843	23313050.4000	21140438.1000	5879999.1000	3707386.8000	3	30032,39041,47049,47050,53069,53070,54071,55073,60104	31033,50052	98
142421	2 over-clustered	7010	108104	34	47	34	0	13	1.0000	0.7234	1.0000	0.8089	0.8943	12855702.1000	15893472.7000	0	3037770.6000	46		48024,50026,51027,56032,64040,72048,79055,107100,107101,108104,108105,108106,108107	98
166870	1 under-clustered	87058	87058	11	14	11	0	3	1.0000	0.7857	1.0000	0.9483	0.9735	3104741.4000	3274080.9000	0	169339.5000	4		42030,47035,51039	98
168596	1 under-clustered	14153	14153	61	68	61	0	7	1.0000	0.8971	1.0000	0.9844	0.9921	24678169.0000	25068933.3000	0	390764.3000	27		66088,68090,72094,75097,76098,84106,87109	98
169626	1 under-clustered	53069	53069	34	30	30	4	0	0.8824	1.0000	0.7966	1.0000	0.8868	10571564.9534	8421798.6000	2149766.3534	0	0	39039,42042,43043,53070		98
173093	1 under-clustered	12007	12007	16	15	13	3	2	0.8125	0.8667	0.8186	0.9787	0.8915	4173573.0000	3490669.6000	757261.9000	74358.5000	2	53024,58029,61040	50021,57028	98
173093	1 under-clustered	18017	18017	6	7	6	0	1	1.0000	0.8571	1.0000	0.9728	0.9862	906198.8000	931494.1000	0	25295.3000	1		69048	98
269774	1+2 both	13237	13237	43	43	43	0	0	1.0000	1.0000	1.0000	1.0000	1.0000	12360820.9000	12360820.9000	0	0	5			98
269774	1+2 both	97197	97197	16	16	15	1	1	0.9375	0.9375	0.9829	0.9769	0.9799	4700078.0000	4729233.8000	80182.4000	109338.2000	10	62074	31043	98
281485	1 under-clustered	88090	88090	7	4	4	3	0	0.5714	1.0000	0.7144	1.0000	0.8334	2000451.7000	1429030.8000	571420.9000	0	2	62041,90104,90105		98
284235	1 under-clustered	6004	6004	8	10	8	0	2	1.0000	0.8000	1.0000	0.9643	0.9818	2572504.2000	2667624.1000	0	95119.9000	3		26007,29010	98
284235	1 under-clustered	74027	74027	8	7	7	1	0	0.8750	1.0000	0.8756	1.0000	0.9337	1927295.7000	1687595.4000	239700.3000	0	1	38019		98
314838	2 over-clustered	110088	13010	30	29	28	2	1	0.9333	0.9655	0.9867	0.9964	0.9916	10868789.1000	10762711.4000	144418.1000	38340.4000	17	87031,91035	88032	98
342199	1 under-clustered	74101	74101	10	3	3	7	0	0.3000	1.0000	0.5040	1.0000	0.6702	2657838.2000	1339490.2000	1318348.0000	0	0	25035,25037,25038,25108,25109,72098,73099		98
347129	1 under-clustered	11000	11000	10	1	1	9	0	0.1000	1.0000	0.7955	1.0000	0.8861	1567658.1000	1247045.5000	320612.6000	0	0	36002,37003,38004,39005,40032,40033,41007,42008,43009		98
409634	1 under-clustered	69032	27015	12	10	10	2	0	0.8333	1.0000	0.7653	1.0000	0.8670	2748759.7000	2103501.9000	645257.8000	0	12	69032,69033		98
415278	1 under-clustered	23012	24073	44	21	20	24	1	0.4545	0.9524	0.4776	0.9970	0.6458	19150771.7000	9173697.4000	10004515.5000	27441.2000	18	23012,23032,23033,23042,23049,23195,57102,59104,60105,62107,63108,69124,69125,87143,98154,101166,101167,102168,103169,104175,104176,105181,105182,110187	111188	98
415278	1 under-clustered	23037	56091	48	19	17	31	2	0.3542	0.8947	0.4603	0.9897	0.6284	26502115.7993	12326493.6000	14302646.1993	127024.0000	28	23016,23019,23020,23022,23025,23036,23037,23044,23046,23047,23194,55085,56092,58103,61106,66115,67117,75131,76132,77133,79135,80136,82138,86142,90146,91147,92148,95151,96152,99156,99157	70126,71127	98
423981	1 under-clustered	12095	12095	23	28	20	3	8	0.8696	0.7143	0.9791	0.9628	0.9708	10086873.6000	10257555.5000	211300.8000	381982.7000	16	56063,63070,64071	44051,48055,51058,57064,68075,69076,70077,71078	98
444187	1 under-clustered	19079	19079	7	3	3	4	0	0.4286	1.0000	0.6331	1.0000	0.7753	7108676.5000	4500578.1000	2608098.4000	0	0	19039,19067,19082,61074		98
463565	1+2 both	13001	13001	41	31	15	26	16	0.3659	0.4839	0.5876	0.8840	0.7059	16332729.9000	10857172.2000	6735466.2000	1259908.5000	16	48040,49041,50042,51043,59051,72064,73065,75067,109073,109074,110075,111079,112080,113081,114084,114086,115088,115090,115092,115094,115099,115100,115101,115102,115103,115106	44036,45037,46038,47039,61053,62054,63055,64056,65057,66058,67059,68060,69061,71063,74066,117108	98
469665	1 under-clustered	15003	15003	30	26	23	7	3	0.7667	0.8846	0.8837	0.9466	0.9140	10124845.4000	9452086.8000	1177736.0000	504977.4000	8	32007,35010,37012,62073,62074,66042,66048	38013,64032,65040	98
52044	?	24035	58029	9	5	5	4	0	0.5556	1.0000	0.3638	1.0000	0.5335	2565841.6948	933535.1000	1632306.5948	0	8	24007,24009,24034,24035		141
52693	?	18034	18034	13	15	13	0	2	1.0000	0.8667	1.0000	0.9623	0.9808	2866717.4000	2978978.3000	0	112260.9000	3		48012,49013	141
54341	?	96031	96031	5	5	4	1	1	0.8000	0.8000	0.5155	0.9019	0.6560	1673199.0682	956355.5000	810652.1682	93808.6000	2	96033	75017	141
54341	?	101041	101041	17	18	16	1	2	0.9412	0.8889	0.8569	0.9889	0.9182	6073640.8165	5262925.7000	869057.4165	58342.3000	6	34015	79021,100039	141
54453	?	57050	57050	6	6	4	2	2	0.6667	0.6667	0.6880	0.9550	0.7998	3483988.4396	2510046.4000	1087007.7396	113065.7000	2	23026,23028	62055,63056	141
67394	?	19012	58035	11	11	11	0	0	1.0000	1.0000	1.0000	1.0000	1.0000	3365638.7000	3365638.7000	0	0	1			141
69232	?	20021	20021	4	6	4	0	2	1.0000	0.6667	1.0000	0.5732	0.7287	1632908.2000	2848904.0000	0	1215995.8000	1		20021,61017	141
71872	?	13012	13012	1	10	1	0	9	1.0000	0.1000	1.0000	0.7765	0.8742	1074101.5000	1383240.5000	0	309139.0000	10		41020,47026,49028,52031,56035,58037,59038,67053,68054	141
72786	?	16017	16017	6	9	6	0	3	1.0000	0.6667	1.0000	0.7901	0.8828	1918413.5000	2427999.4000	0	509585.9000	1		9009,31033,46040	141
74326	?	80061	80061	2	2	2	0	0	1.0000	1.0000	1.0000	1.0000	1.0000	443100.4000	443100.4000	0	0	6			141
91917	?	87053	87053	9	8	8	1	0	0.8889	1.0000	0.9354	1.0000	0.9666	2658899.3000	2487088.2000	171811.1000	0	0	66021		141
94392	?	5019	5019	3	4	3	0	1	1.0000	0.7500	1.0000	0.9661	0.9828	603086.9000	624248.1000	0	21161.2000	3		21024	141
98844	?	70063	70063	14	15	12	2	3	0.8571	0.8000	0.9031	0.8949	0.8990	5285888.4000	5334234.5000	512406.6000	560752.7000	4	66043,69062	53030,67046,68058	141
100135	?	14025	14025	7	7	6	1	1	0.8571	0.8571	0.9084	0.9905	0.9477	3053397.3000	2800368.9000	279728.6000	26700.2000	1	14024	43016	141
100222	?	113236	113236	68	72	67	1	5	0.9853	0.9306	0.9850	0.9880	0.9865	32167915.5000	32068658.3000	483542.8000	384285.6000	7	14006	68055,69056,74061,76063,80067	141
168432	?	19032	19032	1	1	1	0	0	1.0000	1.0000	1.0000	1.0000	1.0000	946105.0000	946105.0000	0	0	1			141
168432	?	49028	49028	7	7	6	1	1	0.8571	0.8571	0.8977	0.9700	0.9324	3479687.0000	3220266.5000	356007.6000	96587.1000	2	50029	47020	141
171572	?	85025	85025	4	4	4	0	0	1.0000	1.0000	1.0000	1.0000	1.0000	377378.8000	377378.8000	0	0	2			141
173495	?	26021	26021	5	5	5	0	0	1.0000	1.0000	1.0000	1.0000	1.0000	1726242.5000	1726242.5000	0	0	1			141
174771	?	85085	85060	5	7	3	2	4	0.6000	0.4286	1.0000	0.4884	0.6563	1099114.7000	2250382.3000	0.0000	1151267.6000	7	85084,85085	74047,75048,85060,93077	141
175896	?	17044	17044	1	2	1	0	1	1.0000	0.5000	1.0000	0.5394	0.7008	859323.2000	1592966.7000	0	733643.5000	1		66037	141
179048	?	17012	17012	4	4	4	0	0	1.0000	1.0000	1.0000	1.0000	1.0000	2479509.8000	2479509.8000	0	0	2			141
179369	?	17002	17002	1	1	1	0	0	1.0000	1.0000	1.0000	1.0000	1.0000	914888.8000	914888.8000	0	0	8			141
181050	?	15006	15005	20	11	10	10	1	0.5000	0.9091	0.4150	0.9875	0.5844	5689989.8415	2391402.3000	3328543.9415	29956.4000	13	15001,15006,50010,51011,52012,53013,61021,64025,65026,67027	57017	141
278420	?	61027	61027	10	9	7	3	2	0.7000	0.7778	0.9154	0.9270	0.9212	1734497.5000	1712878.2000	146671.2000	125051.9000	12	65031,66032,77043	72038,74040	141
281325	?	42039	42039	11	9	8	3	1	0.7273	0.8889	0.7760	0.9898	0.8700	2830221.2000	2219013.8000	633838.6000	22631.2000	10	27016,41034,41036	23012	141
282271	?	6063	6063	4	25	3	1	22	0.7500	0.1200	0.9355	0.7354	0.8235	2574647.0000	3275210.9000	166045.5000	866609.4000	22	6004	33020,35022,36023,37024,38025,39026,42029,45032,46033,47034,48035,61048,62049,64051,65052,66053,67054,68055,69056,72059,73060,74061	141
282979	?	14003	14003	3	4	3	0	1	1.0000	0.7500	1.0000	0.9751	0.9874	2043069.6000	2095222.4000	0	52152.8000	11		20010	141
283515	?	23009	-1	1	0	0	1	0	0.0000	-	0.0000	-	-	1964650.4875	0	1964650.4875	0	14	23009		141
284206	?	10051	10051	4	2	1	3	1	0.2500	0.5000	0.3564	0.9871	0.5237	3528397.4000	1273994.5000	2270795.6000	16392.7000	1	10052,10054,10056	35037	141
286655	?	79023	19006	6	11	6	0	5	1.0000	0.5455	1.0000	0.6573	0.7932	2713441.7000	4128294.5000	0	1414852.8000	2		67016,69018,71020,81062,82063	141
286681	?	3012	3012	1	5	1	0	4	1.0000	0.2000	1.0000	0.9513	0.9750	2381985.5000	2503902.6000	0	121917.1000	5		29013,33017,36020,37021	141
287007	?	22001	22001	4	4	4	0	0	1.0000	1.0000	1.0000	1.0000	1.0000	3013706.4000	3013706.4000	0	0	1			141
289246	?	63034	63034	25	27	23	2	4	0.9200	0.8519	0.8767	0.9640	0.9183	4195262.8000	3815442.0000	517184.0000	137363.2000	4	77063,77064	66037,67038,70041,74045	141
291072	?	21023	21023	33	37	33	0	4	1.0000	0.8919	1.0000	0.9773	0.9885	9975738.7000	10207472.4000	0	231733.7000	6		65057,67059,69061,70062	141
293149	?	4001	4001	14	9	9	5	0	0.6429	1.0000	0.9296	1.0000	0.9635	4691243.0000	4361126.1000	330116.9000	0	5	27006,29008,30009,31010,38017		141
294174	?	71067	71067	9	10	3	6	7	0.3333	0.3000	0.4745	0.8518	0.6095	2816824.6000	1569315.3000	1480120.3000	232611.0000	11	64059,64065,65066,72069,72073,72074	47036,51040,52041,55044,59048,62051,77079	141
318769	?	19003	65037	3	5	3	0	2	1.0000	0.6000	1.0000	0.6015	0.7512	4469603.0000	7430979.8000	0	2961376.8000	5		19001,65037	141
347085	?	72066	72066	17	21	17	0	4	1.0000	0.8095	1.0000	0.9166	0.9565	3671035.2000	4005231.7000	0	334196.5000	6		30016,33019,38024,71058	141
347824	?	24112	107060	22	23	22	0	1	1.0000	0.9565	1.0000	0.9950	0.9975	7175679.7000	7211960.7000	0	36281.0000	2		89023	141
348471	?	60026	60026	17	21	17	0	4	1.0000	0.8095	1.0000	0.8884	0.9409	6234013.2000	7017269.5000	0	783256.3000	6		18006,33013,39019,63051	141
350121	?	2011	2011	5	15	5	0	10	1.0000	0.3333	1.0000	0.8255	0.9044	4989383.7000	6044290.3000	0	1054906.6000	11		14017,16019,17020,19022,22025,24027,25028,28031,30041,31042	141
350354	?	18092	18092	32	39	32	0	7	1.0000	0.8205	1.0000	0.9652	0.9823	8249728.9000	8547256.7000	0	297527.8000	9		51028,52029,53030,55032,57034,63040,64041	141
386442	?	16008	16008	3	17	3	0	14	1.0000	0.1765	1.0000	0.8219	0.9022	2705352.2000	3291725.6000	0	586373.4000	15		22012,39013,40014,41015,43017,44018,46020,47021,48022,49023,50024,51025,65027,66028	141
393505	?	63025	63025	3	7	3	0	4	1.0000	0.4286	1.0000	0.8545	0.9216	1049198.7000	1227827.3000	0	178628.6000	5		60018,61019,62020,76030	141
395597	?	20004	20004	2	3	1	1	2	0.5000	0.3333	0.7619	0.9674	0.8525	2794145.1976	2200529.7000	665248.1976	71632.7000	3	20006	83011,84012	141
396037	?	69026	69026	7	7	5	2	2	0.7143	0.7143	0.6204	0.9679	0.7561	2289558.5000	1467480.3000	869174.1000	47095.9000	3	63015,65017	55007,56008	141
396323	?	18012	18012	4	4	4	0	0	1.0000	1.0000	1.0000	1.0000	1.0000	2946164.6000	2946164.6000	0	0	0			141
397630	?	33038	19010	11	2	2	9	0	0.1818	1.0000	0.5432	1.0000	0.7040	4409552.8000	2395106.7000	2014446.1000	0	11	25015,32022,33028,33029,33037,33038,33039,34041,34042		141
400504	?	62014	62014	3	4	3	0	1	1.0000	0.7500	1.0000	0.9444	0.9714	1229642.5000	1302059.8000	0	72417.3000	0		21003	141
406125	?	38021	38021	1	7	1	0	6	1.0000	0.1429	1.0000	0.0497	0.0948	140400.4000	2822573.9000	0	2682173.5000	2		18013,66046,68048,69049,72052,73053	141
408304	?	9039	9039	13	15	12	1	3	0.9231	0.8000	0.7726	0.9763	0.8626	3947633.3477	3123761.5000	897852.0477	73980.2000	3	9038	32018,34020,36022	141
409140	?	13006	13006	4	7	4	0	3	1.0000	0.5714	1.0000	0.9178	0.9571	1328860.3000	1447888.9000	0	119028.6000	3		38008,39009,40010	141
412242	?	14007	14007	7	7	6	1	1	0.8571	0.8571	0.9700	0.9845	0.9772	8325753.1000	8203747.3000	249523.3000	127517.5000	2	50049	79069	141
489327	?	19005	19005	23	24	23	0	1	1.0000	0.9583	1.0000	0.6548	0.7914	3421964.1000	5225901.4000	0	1803937.3000	0		19005	141
499423	?	11045	11045	2	2	2	0	0	1.0000	1.0000	1.0000	1.0000	1.0000	2151051.3000	2151051.3000	0	0	1			141
499577	?	13009	13009	4	9	4	0	5	1.0000	0.4444	1.0000	0.7034	0.8259	3841283.3000	5461030.9000	0	1619747.6000	4		66033,69036,72039,79053,95059	141
