# clean stopping-track dQ/dx-vs-rr sample, MCP2025C reco1
# roots: work-stmcamp-d66old
# cuts: npts>=40 nbin>=6 rrmin<=2.0 rrmax>=22.0 contrast>=2.0 chi2<=2.5 shape_rms<=0.1
# k_<h> = free scale needed against hypothesis h; rms_<h> = shape residual after taking k out
particle	root	event	block	status	npts	L_cm	contrast	chi2	k_muon	rms_muon	k_proton	rms_proton	mean_absx_cm
muon	work-stmcamp-d66old	167200	160	0	74	46.0	2.03	1.33	1.067	8.1	0.641	6.6	104.1
muon	work-stmcamp-d66old	167398	30	0	289	180.3	2.12	1.19	1.053	9.6	0.635	9.0	152.4
muon	work-stmcamp-d66old	169598	180	2	151	92.5	2.63	1.17	1.061	6.1	0.638	8.6	125.5
muon	work-stmcamp-d66old	171050	40	0	168	105.4	2.39	2.15	0.996	9.3	0.602	5.7	147.4
muon	work-stmcamp-d66old	172788	260	0	463	293.5	2.92	2.06	1.099	8.3	0.663	7.4	173.2
muon	work-stmcamp-d66old	174422	130	0	618	392.2	2.32	1.38	1.047	8.5	0.632	5.8	40.5
muon	work-stmcamp-d66old	278794	70	7	313	197.1	2.86	1.19	1.047	2.1	0.633	5.8	130.3
muon	work-stmcamp-d66old	281095	200	0	736	469.4	2.37	1.51	1.028	6.1	0.618	5.1	31.8
muon	work-stmcamp-d66old	281148	130	0	54	32.5	2.28	1.47	1.033	3.5	0.611	5.0	8.2
muon	work-stmcamp-d66old	281857	190	0	177	112.8	2.30	1.49	1.044	8.4	0.630	9.0	113.6
muon	work-stmcamp-d66old	282033	130	0	300	185.0	2.58	2.32	1.019	8.7	0.615	4.8	179.1
muon	work-stmcamp-d66old	283817	140	0	185	117.8	2.47	1.69	1.031	6.4	0.621	7.8	76.5
muon	work-stmcamp-d66old	283905	40	0	179	112.4	2.36	1.61	0.997	7.1	0.601	5.6	171.3
muon	work-stmcamp-d66old	283969	220	0	610	394.6	2.46	1.47	1.010	10.0	0.609	6.9	113.7
muon	work-stmcamp-d66old	284367	40	0	68	42.9	2.21	2.11	1.056	8.0	0.633	11.5	77.8
muon	work-stmcamp-d66old	285080	190	0	519	328.5	3.00	1.49	0.988	8.1	0.596	8.4	90.8
muon	work-stmcamp-d66old	285999	220	0	42	26.5	2.55	1.36	1.009	6.9	0.594	8.7	189.2
muon	work-stmcamp-d66old	286065	30	0	394	249.5	2.66	1.79	1.011	8.4	0.610	7.6	153.0
muon	work-stmcamp-d66old	286631	70	0	326	207.8	2.45	1.31	1.022	7.7	0.616	5.4	159.6
muon	work-stmcamp-d66old	287007	120	0	159	101.1	2.54	1.52	0.989	6.9	0.597	4.6	165.5
muon	work-stmcamp-d66old	287181	140	0	96	60.4	2.82	1.31	1.031	6.5	0.619	5.7	149.1
muon	work-stmcamp-d66old	288358	70	0	456	291.4	2.27	1.57	1.001	5.4	0.603	5.3	119.4
muon	work-stmcamp-d66old	288639	80	2	225	142.4	2.26	1.63	1.013	8.6	0.610	5.1	166.8
muon	work-stmcamp-d66old	289647	90	0	189	121.7	2.36	1.97	0.992	7.6	0.598	4.4	181.2
muon	work-stmcamp-d66old	290844	30	0	326	210.3	2.50	1.20	1.047	6.9	0.631	5.0	29.1
muon	work-stmcamp-d66old	350781	80	0	263	166.3	2.52	1.26	1.036	7.1	0.625	4.2	127.3
muon	work-stmcamp-d66old	351815	250	0	86	54.0	2.51	1.86	1.005	5.6	0.605	5.4	121.9
muon	work-stmcamp-d66old	353729	230	0	297	192.4	2.32	1.55	1.106	8.4	0.666	5.9	164.5
muon	work-stmcamp-d66old	386354	40	0	159	103.6	2.30	1.35	1.056	6.6	0.637	5.3	144.1
muon	work-stmcamp-d66old	386794	150	0	64	39.2	2.22	2.06	0.946	7.4	0.562	5.9	188.6
muon	work-stmcamp-d66old	387168	150	0	130	81.3	2.38	1.45	1.034	9.6	0.623	6.3	150.2
muon	work-stmcamp-d66old	388884	20	0	211	131.6	2.43	1.43	1.030	6.7	0.620	5.3	162.3
muon	work-stmcamp-d66old	390006	40	0	114	70.4	2.43	1.48	1.063	5.7	0.640	5.5	39.3
muon	work-stmcamp-d66old	392112	70	0	197	120.3	2.60	1.43	1.048	4.3	0.632	6.3	123.4
muon	work-stmcamp-d66old	397194	130	0	414	261.2	2.52	1.59	1.032	6.9	0.622	3.5	101.9
muon	work-stmcamp-d66old	398238	130	0	232	145.5	2.59	1.27	1.056	8.6	0.637	6.6	30.6
muon	work-stmcamp-d66old	399042	140	0	53	32.0	2.39	1.24	1.124	7.4	0.668	6.1	62.4
muon	work-stmcamp-d66old	399284	60	0	419	266.0	2.43	1.20	1.045	3.1	0.630	5.6	106.2
muon	work-stmcamp-d66old	400174	80	0	134	84.3	2.41	1.74	1.064	6.2	0.642	4.4	163.1
muon	work-stmcamp-d66old	401450	170	0	699	439.9	2.72	1.58	0.992	4.1	0.599	4.1	81.9
muon	work-stmcamp-d66old	402968	190	0	121	76.1	2.43	1.66	0.961	5.8	0.579	9.6	22.6
muon	work-stmcamp-d66old	404816	50	0	228	149.1	2.76	2.30	1.056	5.7	0.637	6.2	157.1
muon	work-stmcamp-d66old	409942	170	4	67	40.5	2.74	1.62	1.081	6.7	0.642	5.5	93.4
muon	work-stmcamp-d66old	48301	130	0	164	106.4	2.44	1.19	1.055	6.2	0.636	5.3	74.7
muon	work-stmcamp-d66old	489811	40	0	274	173.6	2.19	1.17	1.003	8.0	0.604	5.4	123.5
muon	work-stmcamp-d66old	492891	130	0	725	468.4	2.57	1.37	1.027	11.2	0.620	8.6	97.4
muon	work-stmcamp-d66old	50765	150	0	441	282.2	2.30	1.76	1.041	5.8	0.627	5.5	28.6
muon	work-stmcamp-d66old	50787	60	2	79	50.1	2.87	1.37	1.054	6.9	0.635	9.6	136.1
muon	work-stmcamp-d66old	56387	110	0	466	303.9	2.18	2.04	0.971	7.2	0.586	7.6	155.8
muon	work-stmcamp-d66old	57661	180	2	199	131.0	2.53	1.35	1.030	8.1	0.622	6.8	123.9
muon	work-stmcamp-d66old	59459	200	0	581	377.9	2.47	1.40	1.027	7.0	0.619	3.4	63.2
muon	work-stmcamp-d66old	62019	90	0	113	71.7	2.35	1.81	0.935	8.1	0.564	4.7	111.6
muon	work-stmcamp-d66old	62943	240	0	119	75.0	2.14	1.35	0.953	8.6	0.574	7.0	165.7
muon	work-stmcamp-d66old	63515	10	0	142	87.7	2.56	2.47	1.050	4.4	0.633	3.6	185.2
muon	work-stmcamp-d66old	64475	230	0	407	260.7	2.36	1.41	1.075	13.2	0.647	9.2	168.1
muon	work-stmcamp-d66old	65647	120	0	241	151.5	2.01	1.17	0.972	9.1	0.587	9.6	133.7
muon	work-stmcamp-d66old	66624	40	0	210	134.2	2.58	1.94	0.992	4.8	0.598	3.2	93.6
muon	work-stmcamp-d66old	66822	130	0	417	262.0	2.31	1.88	1.043	6.6	0.629	5.3	104.2
muon	work-stmcamp-d66old	68054	180	0	117	75.1	2.40	1.30	1.055	9.7	0.637	7.8	10.4
muon	work-stmcamp-d66old	69066	30	0	168	104.6	2.73	1.43	1.030	4.9	0.622	4.5	167.7
proton	work-stmcamp-d66old	289343	90	0	77	50.6	2.21	1.20	1.902	6.5	1.143	4.6	17.7
proton	work-stmcamp-d66old	291345	120	0	41	24.3	2.23	1.02	1.802	6.7	1.060	4.3	72.2
proton	work-stmcamp-d66old	315167	80	2	332	207.3	2.26	1.86	1.850	10.2	1.115	5.9	135.1
proton	work-stmcamp-d66old	386838	160	0	147	90.4	2.16	1.31	1.863	7.8	1.123	5.0	73.1
proton	work-stmcamp-d66old	404684	90	2	126	78.8	2.71	1.89	1.688	8.3	1.018	5.3	7.0
proton	work-stmcamp-d66old	409084	120	0	132	81.5	2.03	1.45	1.829	9.5	1.104	7.2	97.6
proton	work-stmcamp-d66old	412692	130	3	204	127.0	2.57	1.50	1.591	11.1	0.961	10.3	169.4
proton	work-stmcamp-d66old	59377	70	0	44	26.0	2.02	1.76	1.891	5.6	1.108	3.4	143.4
proton	work-stmcamp-d66old	59685	60	2	324	204.2	2.13	1.40	1.800	9.8	1.083	5.8	144.2
proton	work-stmcamp-d66old	63603	130	2	198	125.2	2.15	1.04	1.720	9.0	1.036	5.2	36.9
