evt	sample	lockbox	d_base	d_new	cls_base	cls_new	route_base	route_new	rows_same	trans
166738	mcp1k	0	0.000	0.000	correct	correct	dl-rerank-accept	dl-rerank-accept	1	still-correct
166804	mcp1k	0	23.928	23.928	selection-wrong	selection-wrong	dl-rerank-reject	dl-rerank-reject	1	still-wrong
167112	mcp1k	0	0.000	0.000	correct	correct	dl-rerank-accept	dl-rerank-accept	1	still-correct
167684	mcp1k	0	0.000	0.000	correct	correct	dl-rerank-reject	dl-rerank-reject	1	still-correct
168432	mcp1k	0	0.000	0.000	correct	correct	dl-rerank-accept	dl-rerank-accept	1	still-correct
168526	mcp1k	0	0.000	0.000	correct	correct	dl-rerank-accept	dl-rerank-accept	1	still-correct
168614	mcp1k	0	0.000	0.000	correct	correct	dl-rerank-reject	dl-rerank-reject	1	still-correct
168658	mcp1k	0	0.000	0.000	correct	correct	dl-rerank-reject	dl-rerank-reject	1	still-correct
169356	mcp1k	0	0.000	0.000	correct	correct	dl-rerank-accept	dl-rerank-accept	1	still-correct
169488	mcp1k	0	0.000	0.000	correct	correct	dl-rerank-accept	dl-rerank-accept	1	still-correct
169598	mcp1k	0	0.000	0.000	correct	correct	dl-rerank-reject	dl-rerank-reject	1	still-correct
169620	mcp1k	0	0.000	0.000	correct	correct	dl-rerank-accept	dl-rerank-accept	1	still-correct
169626	mcp1k	0	0.000	0.000	correct	correct	dl-rerank-reject	dl-rerank-reject	1	still-correct
169758	mcp1k	0	0.000	0.000	correct	correct	dl-rerank-reject	dl-rerank-reject	1	still-correct
169774	mcp1k	0	12.127	12.127	candidate-missing	candidate-missing	dl-rerank-reject	dl-rerank-reject	1	still-wrong
169824	mcp1k	0	0.000	0.000	correct	correct	dl-rerank-accept	dl-rerank-accept	1	still-correct
169846	mcp1k	0	0.000	0.000	correct	correct	dl-rerank-reject	dl-rerank-reject	1	still-correct
169890	mcp1k	0	0.000	0.000	correct	correct	dl-rerank-accept	dl-rerank-accept	1	still-correct
170792	mcp1k	0	0.000	0.000	correct	correct	dl-rerank-accept	dl-rerank-accept	1	still-correct
170808	mcp1k	0	0.000	0.000	correct	correct	dl-rerank-accept	dl-rerank-accept	1	still-correct
170814	mcp1k	0	0.000	0.000	correct	correct	dl-rerank-reject	dl-rerank-reject	1	still-correct
170880	mcp1k	0	0.000	0.000	correct	correct	dl-rerank-reject	dl-rerank-reject	1	still-correct
170924	mcp1k	0	0.000	0.000	correct	correct	dl-rerank-accept	dl-rerank-accept	1	still-correct
171358	mcp1k	0	0.000	0.000	correct	correct	dl-rerank-accept	dl-rerank-accept	1	still-correct
171600	mcp1k	0	0.000	0.000	correct	correct	dl-rerank-reject	dl-rerank-reject	1	still-correct
171892	mcp1k	0	0.000	0.000	correct	correct	dl-rerank-reject	dl-rerank-reject	1	still-correct
172090	mcp1k	0	0.000	0.000	correct	correct	dl-rerank-reject	dl-rerank-reject	1	still-correct
172266	mcp1k	0	0.000	0.000	correct	correct	dl-rerank-accept	dl-rerank-accept	1	still-correct
172656	mcp1k	0	6.142	6.142	candidate-missing	candidate-missing	dl-rerank-reject	dl-rerank-reject	1	still-wrong
172788	mcp1k	0	99.024	99.024	net-wrong	net-wrong	dl-rerank-accept	dl-rerank-accept	1	still-wrong
172794	mcp1k	0	0.000	81.027	correct	selection-wrong	dl-rerank-accept	dl-rerank-reject	1	regressed
172942	mcp1k	0	29.610	29.610	candidate-missing	candidate-missing	dl-rerank-reject	dl-rerank-reject	1	still-wrong
173058	mcp1k	0	0.000	0.000	correct	correct	dl-rerank-reject	dl-rerank-reject	1	still-correct
173146	mcp1k	0	0.000	0.000	correct	correct	dl-rerank-accept	dl-rerank-accept	1	still-correct
173234	mcp1k	0	0.000	0.000	correct	correct	dl-rerank-accept	dl-rerank-accept	1	still-correct
173498	mcp1k	0	0.000	0.000	correct	correct	dl-rerank-accept	dl-rerank-accept	1	still-correct
174114	mcp1k	0	0.000	0.000	correct	correct	dl-rerank-accept	dl-rerank-accept	1	still-correct
174224	mcp1k	0	0.000	0.000	correct	correct	dl-rerank-accept	dl-rerank-accept	1	still-correct
174576	mcp1k	0	0.000	0.000	correct	correct	dl-rerank-reject	dl-rerank-reject	1	still-correct
174752	mcp1k	0	13.230	13.230	candidate-missing	candidate-missing	dl-rerank-reject	dl-rerank-reject	1	still-wrong
174928	mcp1k	0	0.000	0.000	correct	correct	dl-rerank-accept	dl-rerank-accept	1	still-correct
175016	mcp1k	0	0.000	0.000	correct	correct	dl-rerank-accept	dl-rerank-accept	1	still-correct
175808	mcp1k	0	9.392	9.392	net-wrong	net-wrong	dl-rerank-accept	dl-rerank-accept	1	still-wrong
175896	mcp1k	0	44.751	44.751	net-wrong	net-wrong	dl-rerank-reject	dl-rerank-reject	1	still-wrong
276836	mcp1k	0	225.333	225.333	selection-wrong	selection-wrong	dl-rerank-accept	dl-rerank-accept	1	still-wrong
277276	mcp1k	0	0.000	0.000	correct	correct	dl-rerank-accept	dl-rerank-accept	1	still-correct
277298	mcp1k	0	6.428	6.428	candidate-missing	candidate-missing	dl-rerank-accept	dl-rerank-accept	1	still-wrong
278266	mcp1k	0	0.000	0.000	correct	correct	dl-rerank-reject	dl-rerank-reject	1	still-correct
278420	mcp1k	0	0.000	0.000	correct	correct	dl-rerank-reject	dl-rerank-reject	1	still-correct
278640	mcp1k	0	0.000	0.000	correct	correct	dl-rerank-reject	dl-rerank-reject	1	still-correct
278684	mcp1k	0	164.682	164.682	net-wrong	net-wrong	dl-rerank-accept	dl-rerank-accept	1	still-wrong
278785	mcp1k	0	0.000	0.000	correct	correct	dl-rerank-accept	dl-rerank-accept	1	still-correct
278794	mcp1k	0	0.000	0.000	correct	correct	dl-rerank-reject	dl-rerank-reject	1	still-correct
279190	mcp1k	0	0.000	0.000	correct	correct	dl-rerank-reject	dl-rerank-reject	1	still-correct
279256	mcp1k	0	0.000	0.000	correct	correct	dl-rerank-accept	dl-rerank-accept	1	still-correct
279445	mcp1k	0	0.000	0.000	correct	correct	dl-rerank-accept	dl-rerank-accept	1	still-correct
279643	mcp1k	0	0.000	0.000	correct	correct	dl-rerank-reject	dl-rerank-reject	1	still-correct
280017	mcp1k	0	0.000	0.000	correct	correct	dl-rerank-reject	dl-rerank-reject	1	still-correct
280598	mcp1k	0	0.000	0.000	correct	correct	dl-rerank-accept	dl-rerank-accept	1	still-correct
280752	mcp1k	0	0.000	0.000	correct	correct	dl-rerank-reject	dl-rerank-reject	1	still-correct
280774	mcp1k	0	37.815	37.815	net-wrong	net-wrong	dl-rerank-accept	dl-rerank-accept	1	still-wrong
280853	mcp1k	0	0.000	0.000	correct	correct	dl-rerank-accept	dl-rerank-accept	1	still-correct
280972	mcp1k	0	0.000	0.000	correct	correct	dl-rerank-accept	dl-rerank-accept	1	still-correct
280994	mcp1k	0	0.000	0.000	correct	correct	dl-rerank-reject	dl-rerank-reject	1	still-correct
281214	mcp1k	0	0.000	81.377	correct	selection-wrong	dl-rerank-accept	dl-rerank-reject	1	regressed
281485	mcp1k	0	3.932	3.932	net-wrong	net-wrong	dl-rerank-reject	dl-rerank-reject	1	still-wrong
281505	mcp1k	0	0.000	0.000	correct	correct	dl-rerank-reject	dl-rerank-reject	1	still-correct
281507	mcp1k	0	0.000	0.000	correct	correct	dl-rerank-accept	dl-rerank-accept	1	still-correct
281527	mcp1k	0	0.000	0.000	correct	correct	dl-rerank-reject	dl-rerank-reject	1	still-correct
281595	mcp1k	0	0.000	0.000	correct	correct	dl-rerank-accept	dl-rerank-accept	1	still-correct
281639	mcp1k	0	0.000	0.000	correct	correct	dl-rerank-reject	dl-rerank-reject	1	still-correct
281727	mcp1k	0	0.000	0.000	correct	correct	dl-rerank-reject	dl-rerank-reject	1	still-correct
281837	mcp1k	0	0.000	15.098	correct	selection-wrong	dl-rerank-accept	dl-rerank-reject	1	regressed
281953	mcp1k	0	0.000	0.000	correct	correct	dl-rerank-reject	dl-rerank-reject	1	still-correct
282057	mcp1k	0	4.849	4.849	net-wrong	net-wrong	dl-rerank-accept	dl-rerank-accept	1	still-wrong
282072	mcp1k	0	0.000	0.000	correct	correct	dl-rerank-accept	dl-rerank-accept	1	still-correct
282204	mcp1k	0	0.000	0.000	correct	correct	dl-rerank-accept	dl-rerank-accept	1	still-correct
282217	mcp1k	0	0.000	0.000	correct	correct	dl-rerank-accept	dl-rerank-accept	1	still-correct
282231	mcp1k	0	0.000	0.000	correct	correct	dl-rerank-reject	dl-rerank-reject	1	still-correct
282385	mcp1k	0	0.000	0.000	correct	correct	dl-rerank-accept	dl-rerank-accept	1	still-correct
282459	mcp1k	0	0.000	0.000	correct	correct	dl-rerank-accept	dl-rerank-accept	1	still-correct
282666	mcp1k	0	0.000	0.000	correct	correct	dl-rerank-accept	dl-rerank-accept	1	still-correct
282737	mcp1k	0	0.000	0.000	correct	correct	dl-rerank-reject	dl-rerank-reject	1	still-correct
282899	mcp1k	0	128.551	128.551	net-wrong	net-wrong	dl-rerank-accept	dl-rerank-accept	1	still-wrong
282979	mcp1k	0	101.993	101.993	net-wrong	net-wrong	dl-rerank-reject	dl-rerank-reject	1	still-wrong
283009	mcp1k	0	0.000	0.000	correct	correct	dl-rerank-accept	dl-rerank-accept	1	still-correct
283229	mcp1k	0	0.000	0.000	correct	correct	dl-rerank-accept	dl-rerank-accept	1	still-correct
283463	mcp1k	0	7.724	7.724	candidate-missing	candidate-missing	dl-rerank-reject	dl-rerank-reject	1	still-wrong
283595	mcp1k	0	0.000	0.000	correct	correct	dl-rerank-reject	dl-rerank-reject	1	still-correct
283691	mcp1k	0	0.000	0.000	correct	correct	dl-rerank-reject	dl-rerank-reject	1	still-correct
283713	mcp1k	0	0.000	0.000	correct	correct	dl-rerank-accept	dl-rerank-accept	1	still-correct
283771	mcp1k	0	0.000	0.000	correct	correct	dl-rerank-accept	dl-rerank-accept	1	still-correct
283905	mcp1k	0	0.000	0.000	correct	correct	dl-rerank-reject	dl-rerank-reject	1	still-correct
283991	mcp1k	0	0.000	0.000	correct	correct	dl-rerank-accept	dl-rerank-accept	1	still-correct
284013	mcp1k	0	8.680	8.680	candidate-missing	candidate-missing	dl-rerank-reject	dl-rerank-reject	1	still-wrong
284103	mcp1k	0	0.000	0.000	correct	correct	dl-rerank-accept	dl-rerank-accept	1	still-correct
284145	mcp1k	0	4.671	4.671	selection-wrong	selection-wrong	dl-rerank-accept	dl-rerank-accept	1	still-wrong
284153	mcp1k	0	0.000	0.000	correct	correct	dl-rerank-reject	dl-rerank-reject	1	still-correct
284200	mcp1k	0	0.000	45.558	correct	selection-wrong	dl-rerank-accept	dl-rerank-reject	1	regressed
284211	mcp1k	0	0.000	0.000	correct	correct	dl-rerank-reject	dl-rerank-reject	1	still-correct
284235	mcp1k	0	0.000	0.000	correct	correct	dl-rerank-reject	dl-rerank-reject	1	still-correct
284657	mcp1k	0	0.000	0.000	correct	correct	dl-rerank-accept	dl-rerank-accept	1	still-correct
284769	mcp1k	0	0.000	0.000	correct	correct	dl-rerank-accept	dl-rerank-accept	1	still-correct
284791	mcp1k	0	8.077	8.077	net-wrong	net-wrong	dl-rerank-reject	dl-rerank-reject	1	still-wrong
284794	mcp1k	0	0.000	0.000	correct	correct	dl-rerank-accept	dl-rerank-accept	1	still-correct
285069	mcp1k	0	0.000	0.000	correct	correct	dl-rerank-accept	dl-rerank-accept	1	still-correct
285311	mcp1k	0	0.000	0.000	correct	correct	dl-rerank-accept	dl-rerank-accept	1	still-correct
285366	mcp1k	0	66.922	66.922	net-wrong	net-wrong	dl-rerank-reject	dl-rerank-reject	1	still-wrong
285443	mcp1k	0	0.000	0.000	correct	correct	dl-rerank-reject	dl-rerank-reject	1	still-correct
285467	mcp1k	0	99.372	99.372	net-wrong	net-wrong	dl-rerank-reject	dl-rerank-reject	1	still-wrong
285531	mcp1k	0	0.000	0.000	correct	correct	dl-rerank-accept	dl-rerank-accept	1	still-correct
285564	mcp1k	0	0.000	0.000	correct	correct	dl-rerank-reject	dl-rerank-reject	1	still-correct
285665	mcp1k	0	89.143	89.143	candidate-missing	candidate-missing	dl-rerank-accept	dl-rerank-accept	1	still-wrong
285753	mcp1k	0	0.000	0.000	correct	correct	dl-rerank-accept	dl-rerank-accept	1	still-correct
285929	mcp1k	0	0.000	0.000	correct	correct	dl-rerank-accept	dl-rerank-accept	1	still-correct
285971	mcp1k	0	0.000	0.000	correct	correct	dl-rerank-reject	dl-rerank-reject	1	still-correct
286177	mcp1k	0	0.000	0.000	correct	correct	dl-rerank-reject	dl-rerank-reject	1	still-correct
286180	mcp1k	0	0.000	0.000	correct	correct	dl-rerank-reject	dl-rerank-reject	1	still-correct
286191	mcp1k	0	14.685	14.685	candidate-missing	candidate-missing	dl-rerank-reject	dl-rerank-reject	1	still-wrong
286241	mcp1k	0	0.000	0.000	correct	correct	dl-rerank-accept	dl-rerank-accept	1	still-correct
286268	mcp1k	0	0.000	0.000	correct	correct	dl-rerank-reject	dl-rerank-reject	1	still-correct
286400	mcp1k	0	0.000	0.000	correct	correct	dl-rerank-reject	dl-rerank-reject	1	still-correct
286527	mcp1k	0	0.000	0.000	correct	correct	dl-rerank-accept	dl-rerank-accept	1	still-correct
286655	mcp1k	0	27.882	27.882	candidate-missing	candidate-missing	dl-rerank-reject	dl-rerank-reject	1	still-wrong
286681	mcp1k	0	34.056	34.056	candidate-missing	candidate-missing	dl-rerank-reject	dl-rerank-reject	1	still-wrong
286818	mcp1k	0	0.000	0.000	correct	correct	dl-rerank-reject	dl-rerank-reject	1	still-correct
286906	mcp1k	0	2.788	9.813	selection-wrong	selection-wrong	dl-rerank-accept	dl-rerank-reject	1	still-wrong
287211	mcp1k	0	0.000	0.000	correct	correct	dl-rerank-accept	dl-rerank-accept	1	still-correct
287249	mcp1k	0	0.000	0.000	correct	correct	dl-rerank-reject	dl-rerank-reject	1	still-correct
287431	mcp1k	0	nan	499.212	selection-wrong	selection-wrong	dl-rerank-reject	dl-rerank-reject	1	still-wrong
287517	mcp1k	0	1.050	1.050	selection-wrong	selection-wrong	dl-rerank-accept	dl-rerank-accept	1	still-wrong
287555	mcp1k	0	0.000	0.000	correct	correct	dl-rerank-accept	dl-rerank-accept	1	still-correct
287599	mcp1k	0	0.000	0.000	correct	correct	dl-rerank-accept	dl-rerank-accept	1	still-correct
287621	mcp1k	0	0.000	0.000	correct	correct	dl-rerank-accept	dl-rerank-accept	1	still-correct
287654	mcp1k	0	52.109	52.109	candidate-missing	candidate-missing	dl-rerank-reject	dl-rerank-reject	1	still-wrong
287825	mcp1k	0	0.000	0.000	correct	correct	dl-rerank-accept	dl-rerank-accept	1	still-correct
287830	mcp1k	0	0.000	0.000	correct	correct	dl-rerank-accept	dl-rerank-accept	1	still-correct
288067	mcp1k	0	0.000	0.000	correct	correct	dl-rerank-accept	dl-rerank-accept	1	still-correct
288287	mcp1k	0	0.000	0.000	correct	correct	dl-rerank-accept	dl-rerank-accept	1	still-correct
288358	mcp1k	0	0.000	0.000	correct	correct	dl-rerank-reject	dl-rerank-reject	1	still-correct
288639	mcp1k	0	0.000	0.000	correct	correct	dl-rerank-accept	dl-rerank-accept	1	still-correct
288745	mcp1k	0	0.000	0.000	correct	correct	dl-rerank-accept	dl-rerank-accept	1	still-correct
288859	mcp1k	0	0.000	0.000	correct	correct	dl-rerank-accept	dl-rerank-accept	1	still-correct
288947	mcp1k	0	0.000	0.000	correct	correct	dl-rerank-accept	dl-rerank-accept	1	still-correct
289251	mcp1k	0	0.000	0.000	correct	correct	dl-rerank-reject	dl-rerank-reject	1	still-correct
289559	mcp1k	0	0.000	0.000	correct	correct	dl-rerank-reject	dl-rerank-reject	1	still-correct
289832	mcp1k	0	0.000	0.000	correct	correct	dl-rerank-accept	dl-rerank-accept	1	still-correct
290052	mcp1k	0	0.000	0.000	correct	correct	dl-rerank-reject	dl-rerank-reject	1	still-correct
290294	mcp1k	0	0.000	0.000	correct	correct	dl-rerank-accept	dl-rerank-accept	1	still-correct
290729	mcp1k	0	0.000	0.000	correct	correct	dl-rerank-accept	dl-rerank-accept	1	still-correct
291037	mcp1k	0	0.000	0.000	correct	correct	dl-rerank-reject	dl-rerank-reject	1	still-correct
291064	mcp1k	0	159.360	159.360	selection-wrong	selection-wrong	dl-rerank-reject	dl-rerank-reject	1	still-wrong
291262	mcp1k	0	0.000	0.000	correct	correct	dl-rerank-accept	dl-rerank-accept	1	still-correct
291372	mcp1k	0	0.000	0.000	correct	correct	dl-rerank-reject	dl-rerank-reject	1	still-correct
291499	mcp1k	0	39.207	39.207	net-wrong	net-wrong	dl-rerank-reject	dl-rerank-reject	1	still-wrong
291548	mcp1k	0	0.000	0.000	correct	correct	dl-rerank-reject	dl-rerank-reject	1	still-correct
291961	mcp1k	0	0.000	0.000	correct	correct	dl-rerank-accept	dl-rerank-accept	1	still-correct
292005	mcp1k	0	0.000	0.000	correct	correct	dl-rerank-accept	dl-rerank-accept	1	still-correct
292027	mcp1k	0	0.000	0.000	correct	correct	dl-rerank-accept	dl-rerank-accept	1	still-correct
292384	mcp1k	0	0.000	0.000	correct	correct	dl-rerank-accept	dl-rerank-accept	1	still-correct
292406	mcp1k	0	0.000	0.000	correct	correct	dl-rerank-reject	dl-rerank-reject	1	still-correct
292533	mcp1k	0	0.000	0.000	correct	correct	dl-rerank-accept	dl-rerank-accept	1	still-correct
292577	mcp1k	0	0.000	0.000	correct	correct	dl-rerank-reject	dl-rerank-reject	1	still-correct
292643	mcp1k	0	0.000	0.000	correct	correct	dl-rerank-reject	dl-rerank-reject	1	still-correct
292687	mcp1k	0	0.000	0.000	correct	correct	dl-rerank-accept	dl-rerank-accept	1	still-correct
293149	mcp1k	0	24.806	24.806	net-wrong	net-wrong	dl-rerank-reject	dl-rerank-reject	1	still-wrong
313781	mcp1k	0	43.430	43.430	candidate-missing	candidate-missing	dl-rerank-reject	dl-rerank-reject	1	still-wrong
313979	mcp1k	0	0.000	0.000	correct	correct	dl-rerank-accept	dl-rerank-accept	1	still-correct
314507	mcp1k	0	67.089	67.089	net-wrong	net-wrong	dl-rerank-reject	dl-rerank-reject	1	still-wrong
314705	mcp1k	0	0.000	0.000	correct	correct	dl-rerank-reject	dl-rerank-reject	1	still-correct
315013	mcp1k	0	0.000	0.000	correct	correct	dl-rerank-reject	dl-rerank-reject	1	still-correct
315167	mcp1k	0	0.000	0.000	correct	correct	dl-rerank-accept	dl-rerank-accept	1	still-correct
315343	mcp1k	0	0.000	0.000	correct	correct	dl-rerank-accept	dl-rerank-accept	1	still-correct
315497	mcp1k	0	0.000	0.000	correct	correct	dl-rerank-accept	dl-rerank-accept	1	still-correct
315849	mcp1k	0	70.162	70.162	net-wrong	net-wrong	dl-rerank-reject	dl-rerank-reject	1	still-wrong
315871	mcp1k	0	0.000	0.000	correct	correct	dl-rerank-reject	dl-rerank-reject	1	still-correct
316003	mcp1k	0	0.000	0.000	correct	correct	dl-veto-protected	dl-veto-protected	1	still-correct
316025	mcp1k	0	2.092	2.092	net-wrong	net-wrong	dl-rerank-reject	dl-rerank-reject	1	still-wrong
316311	mcp1k	0	0.000	0.000	correct	correct	dl-rerank-accept	dl-rerank-accept	1	still-correct
316553	mcp1k	0	0.000	0.000	correct	correct	dl-rerank-reject	dl-rerank-reject	1	still-correct
316729	mcp1k	0	5.941	5.941	net-wrong	net-wrong	dl-rerank-reject	dl-rerank-reject	1	still-wrong
317191	mcp1k	0	0.000	0.000	correct	correct	dl-rerank-accept	dl-rerank-accept	1	still-correct
317741	mcp1k	0	0.000	0.000	correct	correct	dl-rerank-reject	dl-rerank-reject	1	still-correct
317939	mcp1k	0	0.000	0.000	correct	correct	dl-rerank-accept	dl-rerank-accept	1	still-correct
318731	mcp1k	0	0.000	0.000	correct	correct	dl-rerank-reject	dl-rerank-reject	1	still-correct
319039	mcp1k	0	0.000	0.000	correct	correct	dl-rerank-accept	dl-rerank-accept	1	still-correct
319611	mcp1k	0	0.000	0.000	correct	correct	dl-veto-protected	dl-veto-protected	1	still-correct
320029	mcp1k	0	0.000	0.000	correct	correct	dl-rerank-reject	dl-rerank-reject	1	still-correct
320667	mcp1k	0	133.863	133.863	candidate-missing	candidate-missing	dl-rerank-accept	dl-rerank-accept	1	still-wrong
321107	mcp1k	0	0.000	0.000	correct	correct	dl-rerank-accept	dl-rerank-accept	1	still-correct
321173	mcp1k	0	22.399	22.399	candidate-missing	candidate-missing	dl-rerank-reject	dl-rerank-reject	1	still-wrong
321371	mcp1k	0	0.000	30.551	correct	selection-wrong	dl-rerank-accept	dl-rerank-reject	1	regressed
321767	mcp1k	0	30.513	30.513	candidate-missing	candidate-missing	dl-rerank-reject	dl-rerank-reject	1	still-wrong
321789	mcp1k	0	0.000	0.000	correct	correct	dl-rerank-reject	dl-rerank-reject	1	still-correct
345633	mcp1k	0	0.000	0.000	correct	correct	dl-rerank-accept	dl-rerank-accept	1	still-correct
346623	mcp1k	0	0.000	0.000	correct	correct	dl-rerank-reject	dl-rerank-reject	1	still-correct
347085	mcp1k	0	0.000	0.000	correct	correct	dl-rerank-accept	dl-rerank-accept	1	still-correct
348471	mcp1k	0	0.000	0.000	correct	correct	dl-rerank-accept	dl-rerank-accept	1	still-correct
348515	mcp1k	0	56.181	56.181	selection-wrong	selection-wrong	dl-rerank-reject	dl-rerank-reject	1	still-wrong
348691	mcp1k	0	0.000	0.000	correct	correct	dl-rerank-accept	dl-rerank-accept	1	still-correct
348713	mcp1k	0	0.000	0.000	correct	correct	dl-rerank-reject	dl-rerank-reject	1	still-correct
348845	mcp1k	0	0.000	0.000	correct	correct	dl-rerank-accept	dl-rerank-accept	1	still-correct
349087	mcp1k	0	0.000	0.000	correct	correct	dl-rerank-reject	dl-rerank-reject	1	still-correct
349241	mcp1k	0	0.000	0.000	correct	correct	dl-rerank-reject	dl-rerank-reject	1	still-correct
349461	mcp1k	0	0.000	0.000	correct	correct	dl-veto-protected	dl-veto-protected	1	still-correct
349549	mcp1k	0	0.000	0.000	correct	correct	dl-rerank-accept	dl-rerank-accept	1	still-correct
349835	mcp1k	0	0.000	0.000	correct	correct	dl-rerank-accept	dl-rerank-accept	1	still-correct
349879	mcp1k	0	0.000	0.000	correct	correct	dl-rerank-accept	dl-rerank-accept	1	still-correct
350121	mcp1k	0	0.000	0.000	correct	correct	dl-rerank-accept	dl-rerank-accept	1	still-correct
350297	mcp1k	0	0.000	0.000	correct	correct	dl-rerank-accept	dl-rerank-accept	1	still-correct
350935	mcp1k	0	0.000	94.717	correct	selection-wrong	dl-rerank-accept	dl-rerank-reject	1	regressed
351705	mcp1k	0	0.000	0.000	correct	correct	dl-rerank-reject	dl-rerank-reject	1	still-correct
351749	mcp1k	0	7.036	7.036	selection-wrong	selection-wrong	dl-rerank-reject	dl-rerank-reject	1	still-wrong
352123	mcp1k	0	0.000	0.000	correct	correct	dl-rerank-accept	dl-rerank-accept	1	still-correct
352233	mcp1k	0	0.000	0.000	correct	correct	dl-rerank-reject	dl-rerank-reject	1	still-correct
353223	mcp1k	0	0.000	0.000	correct	correct	dl-rerank-accept	dl-rerank-accept	1	still-correct
353751	mcp1k	0	0.000	0.000	correct	correct	dl-rerank-accept	dl-rerank-accept	1	still-correct
386332	mcp1k	0	0.000	0.000	correct	correct	dl-rerank-accept	dl-rerank-accept	1	still-correct
386442	mcp1k	0	0.000	0.000	correct	correct	dl-rerank-accept	dl-rerank-accept	1	still-correct
386948	mcp1k	0	49.582	49.582	net-wrong	net-wrong	dl-rerank-reject	dl-rerank-reject	1	still-wrong
387850	mcp1k	0	0.000	0.000	correct	correct	dl-rerank-reject	dl-rerank-reject	1	still-correct
388026	mcp1k	0	0.000	0.000	correct	correct	dl-rerank-accept	dl-rerank-accept	1	still-correct
388224	mcp1k	0	0.000	0.000	correct	correct	dl-rerank-accept	dl-rerank-accept	1	still-correct
389588	mcp1k	0	4.161	4.161	candidate-missing	candidate-missing	dl-rerank-reject	dl-rerank-reject	1	still-wrong
389874	mcp1k	0	0.000	0.000	correct	correct	dl-rerank-reject	dl-rerank-reject	1	still-correct
390182	mcp1k	0	0.000	0.000	correct	correct	dl-rerank-accept	dl-rerank-accept	1	still-correct
390864	mcp1k	0	93.114	93.114	net-wrong	net-wrong	dl-rerank-reject	dl-rerank-reject	1	still-wrong
391260	mcp1k	0	0.000	0.000	correct	correct	dl-rerank-reject	dl-rerank-reject	1	still-correct
391766	mcp1k	0	115.517	115.517	selection-wrong	selection-wrong	dl-rerank-reject	dl-rerank-reject	1	still-wrong
392552	mcp1k	0	0.000	0.000	correct	correct	dl-rerank-reject	dl-rerank-reject	1	still-correct
393042	mcp1k	0	0.000	0.000	correct	correct	dl-rerank-accept	dl-rerank-accept	1	still-correct
393212	mcp1k	0	0.000	0.000	correct	correct	dl-rerank-reject	dl-rerank-reject	1	still-correct
393608	mcp1k	0	0.000	0.000	correct	correct	dl-rerank-reject	dl-rerank-reject	1	still-correct
394532	mcp1k	0	7.409	7.409	candidate-missing	candidate-missing	dl-rerank-reject	dl-rerank-reject	1	still-wrong
394642	mcp1k	0	0.000	0.000	correct	correct	dl-rerank-accept	dl-rerank-accept	1	still-correct
394796	mcp1k	0	0.000	0.000	correct	correct	dl-rerank-accept	dl-rerank-accept	1	still-correct
395060	mcp1k	0	0.000	0.000	correct	correct	dl-rerank-reject	dl-rerank-reject	1	still-correct
395610	mcp1k	0	0.000	0.000	correct	correct	dl-rerank-accept	dl-rerank-accept	1	still-correct
395654	mcp1k	0	0.000	0.000	correct	correct	dl-rerank-reject	dl-rerank-reject	1	still-correct
395962	mcp1k	0	0.000	0.000	correct	correct	dl-rerank-reject	dl-rerank-reject	1	still-correct
397722	mcp1k	0	0.000	0.000	correct	correct	dl-rerank-reject	dl-rerank-reject	1	still-correct
397920	mcp1k	0	0.000	0.000	correct	correct	dl-rerank-accept	dl-rerank-accept	1	still-correct
398260	mcp1k	0	0.000	0.000	correct	correct	dl-rerank-accept	dl-rerank-accept	1	still-correct
398414	mcp1k	0	0.000	0.000	correct	correct	dl-rerank-reject	dl-rerank-reject	1	still-correct
399052	mcp1k	0	0.000	32.800	correct	selection-wrong	dl-rerank-accept	dl-rerank-reject	1	regressed
399118	mcp1k	0	10.374	10.374	candidate-missing	candidate-missing	dl-rerank-reject	dl-rerank-reject	1	still-wrong
399328	mcp1k	0	0.000	0.000	correct	correct	dl-rerank-reject	dl-rerank-reject	1	still-correct
399702	mcp1k	0	206.107	206.107	net-wrong	net-wrong	dl-rerank-accept	dl-rerank-accept	1	still-wrong
399856	mcp1k	0	0.000	0.000	correct	correct	dl-rerank-reject	dl-rerank-reject	1	still-correct
399998	mcp1k	0	0.000	0.000	correct	correct	dl-rerank-reject	dl-rerank-reject	1	still-correct
400054	mcp1k	0	0.000	0.000	correct	correct	dl-rerank-reject	dl-rerank-reject	1	still-correct
400460	mcp1k	0	0.000	0.000	correct	correct	dl-rerank-reject	dl-rerank-reject	1	still-correct
400504	mcp1k	0	0.000	0.000	correct	correct	dl-rerank-reject	dl-rerank-reject	1	still-correct
400592	mcp1k	0	0.000	0.000	correct	correct	dl-rerank-accept	dl-rerank-accept	1	still-correct
400636	mcp1k	0	0.000	0.000	correct	correct	dl-rerank-accept	dl-rerank-accept	1	still-correct
400856	mcp1k	0	6.122	6.122	net-wrong	net-wrong	dl-rerank-accept	dl-rerank-accept	1	still-wrong
401054	mcp1k	0	0.000	0.000	correct	correct	dl-rerank-reject	dl-rerank-reject	1	still-correct
401516	mcp1k	0	0.000	0.000	correct	correct	dl-rerank-accept	dl-rerank-accept	1	still-correct
401626	mcp1k	0	0.000	0.000	correct	correct	dl-rerank-reject	dl-rerank-reject	1	still-correct
401780	mcp1k	0	63.449	63.449	candidate-missing	candidate-missing	dl-rerank-accept	dl-rerank-accept	1	still-wrong
402330	mcp1k	0	0.000	0.000	correct	correct	dl-rerank-reject	dl-rerank-reject	1	still-correct
402880	mcp1k	0	5.177	5.177	net-wrong	net-wrong	dl-rerank-reject	dl-rerank-reject	1	still-wrong
404244	mcp1k	0	0.000	0.000	correct	correct	dl-rerank-reject	dl-rerank-reject	1	still-correct
404684	mcp1k	0	55.047	55.047	net-wrong	net-wrong	dl-rerank-reject	dl-rerank-reject	1	still-wrong
405234	mcp1k	0	0.000	0.000	correct	correct	dl-rerank-accept	dl-rerank-accept	1	still-correct
405432	mcp1k	0	0.000	0.000	correct	correct	dl-rerank-accept	dl-rerank-accept	1	still-correct
405674	mcp1k	0	0.000	0.000	correct	correct	dl-rerank-accept	dl-rerank-accept	1	still-correct
405740	mcp1k	0	0.000	0.000	correct	correct	dl-rerank-reject	dl-rerank-reject	1	still-correct
406752	mcp1k	0	6.709	6.709	candidate-missing	candidate-missing	dl-rerank-reject	dl-rerank-reject	1	still-wrong
407148	mcp1k	0	0.000	0.000	correct	correct	dl-rerank-accept	dl-rerank-accept	1	still-correct
407280	mcp1k	0	0.000	2.977	correct	candidate-missing	dl-rerank-accept	dl-rerank-accept	1	regressed
407918	mcp1k	0	0.000	0.000	correct	correct	dl-rerank-reject	dl-rerank-reject	1	still-correct
408534	mcp1k	0	132.072	132.072	net-wrong	net-wrong	dl-rerank-reject	dl-rerank-reject	1	still-wrong
409634	mcp1k	0	1.368	1.368	net-wrong	net-wrong	dl-rerank-reject	dl-rerank-reject	1	still-wrong
409920	mcp1k	0	0.000	0.000	correct	correct	dl-rerank-reject	dl-rerank-reject	1	still-correct
409942	mcp1k	0	0.000	0.000	correct	correct	dl-rerank-accept	dl-rerank-accept	1	still-correct
409964	mcp1k	0	0.000	0.000	correct	correct	dl-rerank-accept	dl-rerank-accept	1	still-correct
410008	mcp1k	0	0.000	0.000	correct	correct	dl-rerank-reject	dl-rerank-reject	1	still-correct
411460	mcp1k	0	2.941	2.941	selection-wrong	selection-wrong	dl-rerank-reject	dl-rerank-reject	1	still-wrong
412208	mcp1k	0	0.000	0.000	correct	correct	dl-rerank-reject	dl-rerank-reject	1	still-correct
48367	mcp1k	0	0.000	0.000	correct	correct	dl-rerank-reject	dl-rerank-reject	1	still-correct
486247	mcp1k	0	14.379	14.379	net-wrong	net-wrong	dl-rerank-reject	dl-rerank-reject	1	still-wrong
486687	mcp1k	0	0.000	0.000	correct	correct	dl-rerank-accept	dl-rerank-accept	1	still-correct
487303	mcp1k	0	0.000	0.000	correct	correct	dl-rerank-reject	dl-rerank-reject	1	still-correct
487853	mcp1k	0	5.192	5.192	candidate-missing	candidate-missing	dl-rerank-reject	dl-rerank-reject	1	still-wrong
488139	mcp1k	0	0.000	0.000	correct	correct	dl-rerank-accept	dl-rerank-accept	1	still-correct
488755	mcp1k	0	0.000	0.000	correct	correct	dl-rerank-reject	dl-rerank-reject	1	still-correct
48895	mcp1k	0	0.000	0.000	correct	correct	dl-rerank-accept	dl-rerank-accept	1	still-correct
489327	mcp1k	0	0.000	0.000	correct	correct	dl-rerank-accept	dl-rerank-accept	1	still-correct
489503	mcp1k	0	126.780	126.780	candidate-missing	candidate-missing	dl-rerank-accept	dl-rerank-accept	1	still-wrong
490361	mcp1k	0	0.000	0.000	correct	correct	dl-rerank-accept	dl-rerank-accept	1	still-correct
490581	mcp1k	0	0.000	0.000	correct	correct	dl-rerank-reject	dl-rerank-reject	1	still-correct
490779	mcp1k	0	0.000	0.000	correct	correct	dl-rerank-reject	dl-rerank-reject	1	still-correct
490977	mcp1k	0	0.000	0.000	correct	correct	dl-rerank-reject	dl-rerank-reject	1	still-correct
491483	mcp1k	0	4.517	4.517	net-wrong	net-wrong	dl-rerank-reject	dl-rerank-reject	1	still-wrong
492649	mcp1k	0	0.000	0.000	correct	correct	dl-rerank-reject	dl-rerank-reject	1	still-correct
492803	mcp1k	0	0.000	0.000	correct	correct	dl-rerank-accept	dl-rerank-accept	1	still-correct
492913	mcp1k	0	0.000	0.000	correct	correct	dl-rerank-reject	dl-rerank-reject	1	still-correct
493243	mcp1k	0	0.000	0.000	correct	correct	dl-rerank-reject	dl-rerank-reject	1	still-correct
49951	mcp1k	0	0.000	0.000	correct	correct	dl-rerank-accept	dl-rerank-accept	1	still-correct
50303	mcp1k	0	22.469	22.469	net-wrong	net-wrong	dl-rerank-reject	dl-rerank-reject	1	still-wrong
50831	mcp1k	0	6.843	6.843	candidate-missing	candidate-missing	dl-rerank-reject	dl-rerank-reject	1	still-wrong
51051	mcp1k	0	0.000	0.000	correct	correct	dl-rerank-reject	dl-rerank-reject	1	still-correct
51513	mcp1k	0	0.000	0.000	correct	correct	dl-rerank-reject	dl-rerank-reject	1	still-correct
52657	mcp1k	0	0.000	0.000	correct	correct	dl-rerank-reject	dl-rerank-reject	1	still-correct
52723	mcp1k	0	0.000	0.000	correct	correct	dl-rerank-accept	dl-rerank-accept	1	still-correct
53361	mcp1k	0	3.251	3.251	selection-wrong	selection-wrong	dl-rerank-reject	dl-rerank-reject	1	still-wrong
53427	mcp1k	0	0.000	0.000	correct	correct	dl-rerank-accept	dl-rerank-accept	1	still-correct
54175	mcp1k	0	0.000	0.000	correct	correct	dl-rerank-reject	dl-rerank-reject	1	still-correct
54341	mcp1k	0	0.000	0.000	correct	correct	dl-rerank-accept	dl-rerank-accept	1	still-correct
54351	mcp1k	0	0.000	0.000	correct	correct	dl-rerank-accept	dl-rerank-accept	1	still-correct
55539	mcp1k	0	0.000	0.000	correct	correct	dl-rerank-reject	dl-rerank-reject	1	still-correct
55595	mcp1k	0	3.854	3.854	selection-wrong	selection-wrong	dl-rerank-reject	dl-rerank-reject	1	still-wrong
55627	mcp1k	0	0.000	0.000	correct	correct	dl-rerank-accept	dl-rerank-accept	1	still-correct
55715	mcp1k	0	0.000	0.000	correct	correct	dl-rerank-accept	dl-rerank-accept	1	still-correct
56211	mcp1k	0	6.222	6.222	selection-wrong	selection-wrong	dl-rerank-reject	dl-rerank-reject	1	still-wrong
56243	mcp1k	0	0.000	0.000	correct	correct	dl-rerank-accept	dl-rerank-accept	1	still-correct
56463	mcp1k	0	0.000	0.000	correct	correct	dl-rerank-accept	dl-rerank-accept	1	still-correct
57441	mcp1k	0	0.000	0.000	correct	correct	dl-rerank-reject	dl-rerank-reject	1	still-correct
57485	mcp1k	0	0.000	0.000	correct	correct	dl-rerank-reject	dl-rerank-reject	1	still-correct
57575	mcp1k	0	0.000	0.000	correct	correct	dl-rerank-reject	dl-rerank-reject	1	still-correct
57661	mcp1k	0	0.000	0.000	correct	correct	dl-rerank-accept	dl-rerank-accept	1	still-correct
57883	mcp1k	0	1.465	1.465	candidate-missing	candidate-missing	dl-rerank-accept	dl-rerank-accept	1	still-wrong
57903	mcp1k	0	0.000	0.000	correct	correct	dl-rerank-reject	dl-rerank-reject	1	still-correct
58321	mcp1k	0	0.000	0.000	correct	correct	dl-rerank-accept	dl-rerank-accept	1	still-correct
58345	mcp1k	0	46.426	46.426	net-wrong	net-wrong	dl-rerank-reject	dl-rerank-reject	1	still-wrong
58607	mcp1k	0	3.424	3.424	net-wrong	net-wrong	dl-rerank-reject	dl-rerank-reject	1	still-wrong
58653	mcp1k	0	0.000	0.000	correct	correct	dl-rerank-reject	dl-rerank-reject	1	still-correct
58717	mcp1k	0	0.000	0.000	correct	correct	dl-rerank-accept	dl-rerank-accept	1	still-correct
59003	mcp1k	0	0.000	0.000	correct	correct	dl-rerank-accept	dl-rerank-accept	1	still-correct
59025	mcp1k	0	0.000	0.000	correct	correct	dl-rerank-accept	dl-rerank-accept	1	still-correct
59085	mcp1k	0	4.176	4.176	selection-wrong	selection-wrong	dl-rerank-reject	dl-rerank-reject	1	still-wrong
59093	mcp1k	0	0.000	0.000	correct	correct	dl-rerank-reject	dl-rerank-reject	1	still-correct
59179	mcp1k	0	0.000	0.000	correct	correct	dl-rerank-accept	dl-rerank-accept	1	still-correct
59247	mcp1k	0	0.000	0.000	correct	correct	dl-rerank-reject	dl-rerank-reject	1	still-correct
59261	mcp1k	0	83.343	83.343	selection-wrong	selection-wrong	dl-rerank-reject	dl-rerank-reject	1	still-wrong
59335	mcp1k	0	66.005	66.005	net-wrong	net-wrong	dl-rerank-reject	dl-rerank-reject	1	still-wrong
59371	mcp1k	0	0.000	0.000	correct	correct	dl-rerank-accept	dl-rerank-accept	1	still-correct
59553	mcp1k	0	7.930	7.930	net-wrong	net-wrong	dl-rerank-reject	dl-rerank-reject	1	still-wrong
59685	mcp1k	0	0.000	0.000	correct	correct	dl-rerank-accept	dl-rerank-accept	1	still-correct
59929	mcp1k	0	0.000	0.000	correct	correct	dl-rerank-reject	dl-rerank-reject	1	still-correct
60017	mcp1k	0	0.000	0.000	correct	correct	dl-rerank-reject	dl-rerank-reject	1	still-correct
60669	mcp1k	0	0.000	0.000	correct	correct	dl-rerank-accept	dl-rerank-accept	1	still-correct
60933	mcp1k	0	0.000	0.000	correct	correct	dl-rerank-accept	dl-rerank-accept	1	still-correct
61351	mcp1k	0	0.000	0.000	correct	correct	dl-rerank-reject	dl-rerank-reject	1	still-correct
61417	mcp1k	0	0.000	0.000	correct	correct	dl-rerank-accept	dl-rerank-accept	1	still-correct
61461	mcp1k	0	0.000	0.000	correct	correct	dl-rerank-accept	dl-rerank-accept	1	still-correct
61843	mcp1k	0	13.397	13.397	net-wrong	net-wrong	dl-rerank-reject	dl-rerank-reject	1	still-wrong
62149	mcp1k	0	0.000	0.000	correct	correct	dl-rerank-accept	dl-rerank-accept	1	still-correct
62281	mcp1k	0	27.960	27.960	net-wrong	net-wrong	dl-rerank-accept	dl-rerank-accept	1	still-wrong
62459	mcp1k	0	0.000	0.000	correct	correct	dl-rerank-accept	dl-rerank-accept	1	still-correct
62495	mcp1k	0	0.000	0.000	correct	correct	dl-rerank-accept	dl-rerank-accept	1	still-correct
62613	mcp1k	0	0.000	0.000	correct	correct	dl-rerank-reject	dl-rerank-reject	1	still-correct
62721	mcp1k	0	0.000	0.000	correct	correct	dl-rerank-reject	dl-rerank-reject	1	still-correct
63163	mcp1k	0	0.000	0.000	correct	correct	dl-rerank-reject	dl-rerank-reject	1	still-correct
63359	mcp1k	0	3.287	3.287	net-wrong	net-wrong	dl-rerank-reject	dl-rerank-reject	1	still-wrong
63427	mcp1k	0	0.000	0.000	correct	correct	dl-rerank-accept	dl-rerank-accept	1	still-correct
63551	mcp1k	0	0.000	0.000	correct	correct	dl-rerank-reject	dl-rerank-reject	1	still-correct
63559	mcp1k	0	0.000	0.000	correct	correct	dl-rerank-reject	dl-rerank-reject	1	still-correct
63603	mcp1k	0	0.000	0.000	correct	correct	dl-rerank-accept	dl-rerank-accept	1	still-correct
63669	mcp1k	0	0.000	0.000	correct	correct	dl-rerank-reject	dl-rerank-reject	1	still-correct
64409	mcp1k	0	0.000	0.000	correct	correct	dl-rerank-accept	dl-rerank-accept	1	still-correct
64503	mcp1k	0	0.000	0.000	correct	correct	dl-rerank-reject	dl-rerank-reject	1	still-correct
64591	mcp1k	0	0.000	0.000	correct	correct	dl-rerank-accept	dl-rerank-accept	1	still-correct
64717	mcp1k	0	0.000	0.000	correct	correct	dl-rerank-reject	dl-rerank-reject	1	still-correct
64921	mcp1k	0	0.000	6.754	correct	selection-wrong	dl-rerank-accept	dl-rerank-reject	1	regressed
64959	mcp1k	0	44.919	44.919	selection-wrong	selection-wrong	dl-rerank-reject	dl-rerank-reject	1	still-wrong
65025	mcp1k	0	0.000	0.000	correct	correct	dl-rerank-reject	dl-rerank-reject	1	still-correct
65053	mcp1k	0	10.819	10.819	net-wrong	net-wrong	dl-rerank-reject	dl-rerank-reject	1	still-wrong
65267	mcp1k	0	0.000	0.000	correct	correct	dl-rerank-reject	dl-rerank-reject	1	still-correct
65289	mcp1k	0	0.000	141.999	correct	selection-wrong	dl-rerank-accept	dl-rerank-reject	1	regressed
65295	mcp1k	0	0.000	0.000	correct	correct	dl-rerank-reject	dl-rerank-reject	1	still-correct
66118	mcp1k	0	0.000	0.000	correct	correct	dl-rerank-accept	dl-rerank-accept	1	still-correct
66272	mcp1k	0	2.192	2.192	selection-wrong	selection-wrong	dl-rerank-reject	dl-rerank-reject	1	still-wrong
66646	mcp1k	0	0.000	0.000	correct	correct	dl-rerank-accept	dl-rerank-accept	1	still-correct
66712	mcp1k	0	0.000	0.000	correct	correct	dl-rerank-accept	dl-rerank-accept	1	still-correct
67394	mcp1k	0	0.000	0.000	correct	correct	dl-rerank-accept	dl-rerank-accept	1	still-correct
67746	mcp1k	0	0.000	0.000	correct	correct	dl-rerank-accept	dl-rerank-accept	1	still-correct
68648	mcp1k	0	0.000	0.000	correct	correct	dl-rerank-reject	dl-rerank-reject	1	still-correct
68714	mcp1k	0	0.000	0.000	correct	correct	dl-rerank-reject	dl-rerank-reject	1	still-correct
68978	mcp1k	0	0.000	0.000	correct	correct	dl-rerank-reject	dl-rerank-reject	1	still-correct
71046	mcp1k	0	0.000	0.000	correct	correct	dl-rerank-reject	dl-rerank-reject	1	still-correct
71178	mcp1k	0	23.012	23.012	candidate-missing	candidate-missing	dl-rerank-reject	dl-rerank-reject	1	still-wrong
71222	mcp1k	0	0.000	0.000	correct	correct	dl-rerank-accept	dl-rerank-accept	1	still-correct
71266	mcp1k	0	0.000	0.000	correct	correct	dl-rerank-reject	dl-rerank-reject	1	still-correct
71640	mcp1k	0	0.000	0.000	correct	correct	dl-rerank-reject	dl-rerank-reject	1	still-correct
72256	mcp1k	0	0.000	0.000	correct	correct	dl-rerank-reject	dl-rerank-reject	1	still-correct
73004	mcp1k	0	0.000	0.000	correct	correct	dl-rerank-accept	dl-rerank-accept	1	still-correct
