sample	run	subrun	event	dump
mcp2k	18259	1	47696	work-pr140r1-on-mcp2k/pr_evt47696/calib-pr-evt47696.json
mcp2k	18259	1	51546	work-pr140r1-on-mcp2k/pr_evt51546/calib-pr-evt51546.json
mcp2k	18255	1	52044	work-pr140r1-on-mcp2k/pr_evt52044/calib-pr-evt52044.json
mcp2k	18255	1	52605	work-pr140r1-on-mcp2k/pr_evt52605/calib-pr-evt52605.json
mcp2k	18255	1	52693	work-pr140r1-on-mcp2k/pr_evt52693/calib-pr-evt52693.json
mcp2k	18259	1	53658	work-pr140r1-on-mcp2k/pr_evt53658/calib-pr-evt53658.json
mcp1k	18255	1	54341	work-pr140r1-on-mcp1k/pr_evt54341/calib-pr-evt54341.json
mcp2k	18255	1	54453	work-pr140r1-on-mcp2k/pr_evt54453/calib-pr-evt54453.json
mcp2k	18255	1	55740	work-pr140r1-on-mcp2k/pr_evt55740/calib-pr-evt55740.json
mcp1k	18255	1	56243	work-pr140r1-on-mcp1k/pr_evt56243/calib-pr-evt56243.json
mcp2k	18255	1	56972	work-pr140r1-on-mcp2k/pr_evt56972/calib-pr-evt56972.json
mcp2k	18255	1	57709	work-pr140r1-on-mcp2k/pr_evt57709/calib-pr-evt57709.json
mcp2k	18255	1	58006	work-pr140r1-on-mcp2k/pr_evt58006/calib-pr-evt58006.json
mcp1k	18255	1	58755	work-pr140r1-on-mcp1k/pr_evt58755/calib-pr-evt58755.json
mcp1k	18255	1	59085	work-pr140r1-on-mcp1k/pr_evt59085/calib-pr-evt59085.json
mcp1k	18255	1	64409	work-pr140r1-on-mcp1k/pr_evt64409/calib-pr-evt64409.json
mcp1k	18255	1	65053	work-pr140r1-on-mcp1k/pr_evt65053/calib-pr-evt65053.json
mcp1k	18259	1	67394	work-pr140r1-on-mcp1k/pr_evt67394/calib-pr-evt67394.json
mcp2k	18255	1	69232	work-pr140r1-on-mcp2k/pr_evt69232/calib-pr-evt69232.json
mcp2k	18255	1	69254	work-pr140r1-on-mcp2k/pr_evt69254/calib-pr-evt69254.json
mcp1k	18259	1	71178	work-pr140r1-on-mcp1k/pr_evt71178/calib-pr-evt71178.json
mcp2k	18255	1	71642	work-pr140r1-on-mcp2k/pr_evt71642/calib-pr-evt71642.json
mcp2k	18255	1	71872	work-pr140r1-on-mcp2k/pr_evt71872/calib-pr-evt71872.json
mcp2k	18255	1	72786	work-pr140r1-on-mcp2k/pr_evt72786/calib-pr-evt72786.json
mcp2k	18255	1	74123	work-pr140r1-on-mcp2k/pr_evt74123/calib-pr-evt74123.json
mcp2k	18255	1	74326	work-pr140r1-on-mcp2k/pr_evt74326/calib-pr-evt74326.json
mcp2k	18255	1	75954	work-pr140r1-on-mcp2k/pr_evt75954/calib-pr-evt75954.json
mcp2k	18255	1	77328	work-pr140r1-on-mcp2k/pr_evt77328/calib-pr-evt77328.json
mcp2k	18255	1	91917	work-pr140r1-on-mcp2k/pr_evt91917/calib-pr-evt91917.json
mcp2k	18255	1	94224	work-pr140r1-on-mcp2k/pr_evt94224/calib-pr-evt94224.json
mcp2k	18259	1	94392	work-pr140r1-on-mcp2k/pr_evt94392/calib-pr-evt94392.json
mcp2k	18255	1	95151	work-pr140r1-on-mcp2k/pr_evt95151/calib-pr-evt95151.json
mcp2k	18255	1	96383	work-pr140r1-on-mcp2k/pr_evt96383/calib-pr-evt96383.json
mcp2k	18255	1	98844	work-pr140r1-on-mcp2k/pr_evt98844/calib-pr-evt98844.json
mcp2k	18259	1	99782	work-pr140r1-on-mcp2k/pr_evt99782/calib-pr-evt99782.json
mcp2k	18255	1	100135	work-pr140r1-on-mcp2k/pr_evt100135/calib-pr-evt100135.json
mcp2k	18259	1	100222	work-pr140r1-on-mcp2k/pr_evt100222/calib-pr-evt100222.json
mcp2k	18255	1	103798	work-pr140r1-on-mcp2k/pr_evt103798/calib-pr-evt103798.json
mcp2k	18255	1	105074	work-pr140r1-on-mcp2k/pr_evt105074/calib-pr-evt105074.json
mcp2k	18259	1	167612	work-pr140r1-on-mcp2k/pr_evt167612/calib-pr-evt167612.json
mcp1k	18259	1	168432	work-pr140r1-on-mcp1k/pr_evt168432/calib-pr-evt168432.json
mcp2k	18259	1	170098	work-pr140r1-on-mcp2k/pr_evt170098/calib-pr-evt170098.json
mcp2k	18259	1	170761	work-pr140r1-on-mcp2k/pr_evt170761/calib-pr-evt170761.json
mcp1k	18259	1	170808	work-pr140r1-on-mcp1k/pr_evt170808/calib-pr-evt170808.json
mcp2k	18259	1	171143	work-pr140r1-on-mcp2k/pr_evt171143/calib-pr-evt171143.json
mcp2k	18259	1	171572	work-pr140r1-on-mcp2k/pr_evt171572/calib-pr-evt171572.json
mcp2k	18259	1	171729	work-pr140r1-on-mcp2k/pr_evt171729/calib-pr-evt171729.json
mcp1k	18259	1	172266	work-pr140r1-on-mcp1k/pr_evt172266/calib-pr-evt172266.json
mcp2k	18259	1	173495	work-pr140r1-on-mcp2k/pr_evt173495/calib-pr-evt173495.json
mcp2k	18259	1	173819	work-pr140r1-on-mcp2k/pr_evt173819/calib-pr-evt173819.json
mcp2k	18259	1	174771	work-pr140r1-on-mcp2k/pr_evt174771/calib-pr-evt174771.json
mcp1k	18259	1	175896	work-pr140r1-on-mcp1k/pr_evt175896/calib-pr-evt175896.json
mcp2k	18259	1	176533	work-pr140r1-on-mcp2k/pr_evt176533/calib-pr-evt176533.json
mcp2k	18259	1	179048	work-pr140r1-on-mcp2k/pr_evt179048/calib-pr-evt179048.json
mcp2k	18259	1	179369	work-pr140r1-on-mcp2k/pr_evt179369/calib-pr-evt179369.json
mcp2k	18259	1	179611	work-pr140r1-on-mcp2k/pr_evt179611/calib-pr-evt179611.json
mcp2k	18259	1	181050	work-pr140r1-on-mcp2k/pr_evt181050/calib-pr-evt181050.json
mcp2k	18259	1	242726	work-pr140r1-on-mcp2k/pr_evt242726/calib-pr-evt242726.json
mcp2k	18255	1	275011	work-pr140r1-on-mcp2k/pr_evt275011/calib-pr-evt275011.json
mcp1k	18255	1	277298	work-pr140r1-on-mcp1k/pr_evt277298/calib-pr-evt277298.json
mcp1k	18255	1	278420	work-pr140r1-on-mcp1k/pr_evt278420/calib-pr-evt278420.json
mcp2k	18255	1	280159	work-pr140r1-on-mcp2k/pr_evt280159/calib-pr-evt280159.json
mcp1k	18255	1	280972	work-pr140r1-on-mcp1k/pr_evt280972/calib-pr-evt280972.json
mcp2k	18255	1	281325	work-pr140r1-on-mcp2k/pr_evt281325/calib-pr-evt281325.json
mcp2k	18255	1	282271	work-pr140r1-on-mcp2k/pr_evt282271/calib-pr-evt282271.json
mcp1k	18255	1	282979	work-pr140r1-on-mcp1k/pr_evt282979/calib-pr-evt282979.json
mcp1k	18255	1	283515	work-pr140r1-on-mcp1k/pr_evt283515/calib-pr-evt283515.json
mcp1k	18255	1	283713	work-pr140r1-on-mcp1k/pr_evt283713/calib-pr-evt283713.json
mcp1k	18255	1	284200	work-pr140r1-on-mcp1k/pr_evt284200/calib-pr-evt284200.json
mcp2k	18255	1	284206	work-pr140r1-on-mcp2k/pr_evt284206/calib-pr-evt284206.json
mcp1k	18255	1	284791	work-pr140r1-on-mcp1k/pr_evt284791/calib-pr-evt284791.json
mcp1k	18255	1	285443	work-pr140r1-on-mcp1k/pr_evt285443/calib-pr-evt285443.json
mcp1k	18255	1	286655	work-pr140r1-on-mcp1k/pr_evt286655/calib-pr-evt286655.json
mcp1k	18255	1	286681	work-pr140r1-on-mcp1k/pr_evt286681/calib-pr-evt286681.json
mcp1k	18255	1	287007	work-pr140r1-on-mcp1k/pr_evt287007/calib-pr-evt287007.json
mcp1k	18255	1	287654	work-pr140r1-on-mcp1k/pr_evt287654/calib-pr-evt287654.json
mcp2k	18255	1	287794	work-pr140r1-on-mcp2k/pr_evt287794/calib-pr-evt287794.json
mcp1k	18255	1	287830	work-pr140r1-on-mcp1k/pr_evt287830/calib-pr-evt287830.json
mcp2k	18255	1	289246	work-pr140r1-on-mcp2k/pr_evt289246/calib-pr-evt289246.json
mcp2k	18255	1	289508	work-pr140r1-on-mcp2k/pr_evt289508/calib-pr-evt289508.json
mcp2k	18255	1	291072	work-pr140r1-on-mcp2k/pr_evt291072/calib-pr-evt291072.json
mcp1k	18255	1	292005	work-pr140r1-on-mcp1k/pr_evt292005/calib-pr-evt292005.json
mcp1k	18255	1	292027	work-pr140r1-on-mcp1k/pr_evt292027/calib-pr-evt292027.json
mcp2k	18255	1	292524	work-pr140r1-on-mcp2k/pr_evt292524/calib-pr-evt292524.json
mcp1k	18255	1	292643	work-pr140r1-on-mcp1k/pr_evt292643/calib-pr-evt292643.json
mcp1k	18255	1	293149	work-pr140r1-on-mcp1k/pr_evt293149/calib-pr-evt293149.json
mcp2k	18255	1	293536	work-pr140r1-on-mcp2k/pr_evt293536/calib-pr-evt293536.json
mcp2k	18255	1	294174	work-pr140r1-on-mcp2k/pr_evt294174/calib-pr-evt294174.json
mcp1k	18255	1	313781	work-pr140r1-on-mcp1k/pr_evt313781/calib-pr-evt313781.json
mcp1k	18255	1	317939	work-pr140r1-on-mcp1k/pr_evt317939/calib-pr-evt317939.json
mcp2k	18255	1	318703	work-pr140r1-on-mcp2k/pr_evt318703/calib-pr-evt318703.json
mcp2k	18255	1	318769	work-pr140r1-on-mcp2k/pr_evt318769/calib-pr-evt318769.json
mcp2k	18255	1	321169	work-pr140r1-on-mcp2k/pr_evt321169/calib-pr-evt321169.json
mcp2k	18255	1	321367	work-pr140r1-on-mcp2k/pr_evt321367/calib-pr-evt321367.json
mcp1k	18255	1	321767	work-pr140r1-on-mcp1k/pr_evt321767/calib-pr-evt321767.json
mcp1k	18255	1	347085	work-pr140r1-on-mcp1k/pr_evt347085/calib-pr-evt347085.json
mcp2k	18255	1	347824	work-pr140r1-on-mcp2k/pr_evt347824/calib-pr-evt347824.json
mcp1k	18255	1	348471	work-pr140r1-on-mcp1k/pr_evt348471/calib-pr-evt348471.json
mcp1k	18255	1	348691	work-pr140r1-on-mcp1k/pr_evt348691/calib-pr-evt348691.json
mcp1k	18255	1	349549	work-pr140r1-on-mcp1k/pr_evt349549/calib-pr-evt349549.json
mcp1k	18255	1	350121	work-pr140r1-on-mcp1k/pr_evt350121/calib-pr-evt350121.json
mcp2k	18255	1	350354	work-pr140r1-on-mcp2k/pr_evt350354/calib-pr-evt350354.json
mcp1k	18255	1	386442	work-pr140r1-on-mcp1k/pr_evt386442/calib-pr-evt386442.json
mcp1k	18255	1	386948	work-pr140r1-on-mcp1k/pr_evt386948/calib-pr-evt386948.json
mcp1k	18255	1	390182	work-pr140r1-on-mcp1k/pr_evt390182/calib-pr-evt390182.json
mcp2k	18255	1	390634	work-pr140r1-on-mcp2k/pr_evt390634/calib-pr-evt390634.json
mcp2k	18255	1	392901	work-pr140r1-on-mcp2k/pr_evt392901/calib-pr-evt392901.json
mcp1k	18255	1	393212	work-pr140r1-on-mcp1k/pr_evt393212/calib-pr-evt393212.json
mcp2k	18255	1	393505	work-pr140r1-on-mcp2k/pr_evt393505/calib-pr-evt393505.json
mcp2k	18255	1	394167	work-pr140r1-on-mcp2k/pr_evt394167/calib-pr-evt394167.json
mcp2k	18255	1	395123	work-pr140r1-on-mcp2k/pr_evt395123/calib-pr-evt395123.json
mcp2k	18255	1	395597	work-pr140r1-on-mcp2k/pr_evt395597/calib-pr-evt395597.json
mcp2k	18255	1	395870	work-pr140r1-on-mcp2k/pr_evt395870/calib-pr-evt395870.json
mcp2k	18255	1	396037	work-pr140r1-on-mcp2k/pr_evt396037/calib-pr-evt396037.json
mcp2k	18255	1	396323	work-pr140r1-on-mcp2k/pr_evt396323/calib-pr-evt396323.json
mcp2k	18255	1	396816	work-pr140r1-on-mcp2k/pr_evt396816/calib-pr-evt396816.json
mcp2k	18255	1	397401	work-pr140r1-on-mcp2k/pr_evt397401/calib-pr-evt397401.json
mcp2k	18255	1	397630	work-pr140r1-on-mcp2k/pr_evt397630/calib-pr-evt397630.json
mcp2k	18255	1	398191	work-pr140r1-on-mcp2k/pr_evt398191/calib-pr-evt398191.json
mcp1k	18255	1	399118	work-pr140r1-on-mcp1k/pr_evt399118/calib-pr-evt399118.json
mcp1k	18255	1	400504	work-pr140r1-on-mcp1k/pr_evt400504/calib-pr-evt400504.json
mcp1k	18255	1	401450	work-pr140r1-on-mcp1k/pr_evt401450/calib-pr-evt401450.json
mcp2k	18255	1	403023	work-pr140r1-on-mcp2k/pr_evt403023/calib-pr-evt403023.json
mcp2k	18255	1	403309	work-pr140r1-on-mcp2k/pr_evt403309/calib-pr-evt403309.json
mcp2k	18255	1	406125	work-pr140r1-on-mcp2k/pr_evt406125/calib-pr-evt406125.json
mcp1k	18255	1	407918	work-pr140r1-on-mcp1k/pr_evt407918/calib-pr-evt407918.json
mcp2k	18255	1	408304	work-pr140r1-on-mcp2k/pr_evt408304/calib-pr-evt408304.json
mcp2k	18255	1	408678	work-pr140r1-on-mcp2k/pr_evt408678/calib-pr-evt408678.json
mcp2k	18255	1	409140	work-pr140r1-on-mcp2k/pr_evt409140/calib-pr-evt409140.json
mcp1k	18255	1	410008	work-pr140r1-on-mcp1k/pr_evt410008/calib-pr-evt410008.json
mcp2k	18255	1	412242	work-pr140r1-on-mcp2k/pr_evt412242/calib-pr-evt412242.json
mcp2k	18255	1	475778	work-pr140r1-on-mcp2k/pr_evt475778/calib-pr-evt475778.json
mcp1k	18255	1	486247	work-pr140r1-on-mcp1k/pr_evt486247/calib-pr-evt486247.json
mcp1k	18255	1	486687	work-pr140r1-on-mcp1k/pr_evt486687/calib-pr-evt486687.json
mcp1k	18255	1	486907	work-pr140r1-on-mcp1k/pr_evt486907/calib-pr-evt486907.json
mcp1k	18255	1	487853	work-pr140r1-on-mcp1k/pr_evt487853/calib-pr-evt487853.json
mcp1k	18255	1	489327	work-pr140r1-on-mcp1k/pr_evt489327/calib-pr-evt489327.json
mcp2k	18255	1	493659	work-pr140r1-on-mcp2k/pr_evt493659/calib-pr-evt493659.json
mcp2k	18255	1	499423	work-pr140r1-on-mcp2k/pr_evt499423/calib-pr-evt499423.json
mcp2k	18255	1	499577	work-pr140r1-on-mcp2k/pr_evt499577/calib-pr-evt499577.json
mcp2k	18255	1	500083	work-pr140r1-on-mcp2k/pr_evt500083/calib-pr-evt500083.json
