evt	d_target_base	d_target_off	n_base	n_off	R0	R1	snap_cm	R2	target_gap	R3_uniW0
47058	0.0	0.0	24	24	1	1	0.0	1	0.0	1
47278	0.159	0.296	27	27	1	1	0.159	1	0.388	1
47784	0.425	0.377	16	16	1	1	0.425	1	0.375	1
47916	0.049	0.0	5	5	1	1	0.049	1	0.049	1
48488	0.334	0.795	12	11	1	1	0.334	1	0.911	1
48774	0.932	0.819	10	9	0	1	0.932	1	0.238	0
49742	0.0	0.0	12	12	1	1	0.0	1	0.0	1
50182	0.274	0.237	9	9	1	1	0.274	1	0.102	1
51128	0.757	0.762	48	48	1	1	0.757	1	0.012	1
51219	1.153	0.95	31	31	1	1	1.153	1	0.334	1
51546	0.0	0.0	28	26	1	1	0.0	1	0.0	1
51868	0.0	0.0	25	25	0	1	0.0	1	0.0	0
51890	0.537	0.245	13	13	1	1	0.537	1	0.372	1
51964	0.452	0.248	7	7	1	1	0.452	1	0.435	1
52044	0.781	0.664	49	50	1	1	0.781	1	0.216	1
52605	0.054	0.0	24	24	0	0	0.201	0	0.054	0
52693	1.987	2.155	37	38	1	1	1.987	1	0.225	1
52759	0.246	0.0	15	15	1	1	0.246	1	0.246	1
53130	0.296	0.125	7	7	1	1	0.296	1	0.372	1
53658	0.937	0.0	19	19	0	0	0.0	0	0.937	0
53793	1.736	1.486	19	20	1	1	1.736	1	0.812	1
53881	0.0	0.0	10	11	1	0	4.866	1	0.0	1
54332	5.842	0.002	119	120	0	0	0.77	0	5.842	0
54508	0.548	0.554	11	11	1	1	0.548	1	0.219	1
54629	0.268	0.195	17	16	0	0	0.0	0	0.251	0
55278	0.186	0.0	13	13	1	1	0.186	1	0.186	1
55322	0.458	0.346	23	23	1	1	0.458	1	0.781	1
55542	0.743	0.683	12	10	1	1	0.743	1	0.192	1
55740	0.121	0.0	42	40	1	0	1.249	0	0.121	1
56180	0.679	0.989	47	47	1	1	0.679	1	0.539	1
56763	0.747	0.0	20	21	0	0	0.746	0	0.747	0
56939	0.692	0.74	13	13	1	1	0.692	1	0.079	1
56972	0.0	0.0	25	23	0	1	0.0	1	0.0	0
57280	0.151	0.182	15	14	1	1	0.205	1	0.205	1
57577	0.811	0.723	13	13	1	1	0.811	1	0.108	1
57709	0.0	0.0	46	45	1	1	0.0	1	0.0	1
57742	0.572	0.678	15	15	1	1	0.572	1	0.168	1
58072	1.095	0.687	19	19	1	1	1.095	1	0.415	1
58325	0.849	0.825	23	23	1	1	0.849	1	0.811	1
58919	0.279	0.151	27	27	1	1	0.279	1	0.134	1
65266	0.167	0.0	21	22	0	0	0.0	0	0.167	0
65948	4.761	4.947	31	31	1	1	0.404	1	0.342	1
66278	0.303	0.296	18	19	1	1	0.303	1	0.448	1
66366	0.233	0.323	27	27	1	1	0.233	1	0.247	1
66652	0.105	0.105	16	16	1	1	0.105	1	0.0	1
66872	0.934	0.934	25	26	0	0	0.365	0	0.0	0
66900	0.195	0.118	58	58	1	1	0.195	1	0.242	1
66944	0.523	0.0	11	11	0	0	0.904	0	0.523	0
67026	0.491	0.583	11	11	1	1	0.491	1	0.285	1
67868	0.523	0.185	63	63	1	1	0.523	1	0.426	1
67898	0.911	0.907	3	3	1	1	0.911	1	0.294	1
67928	0.405	0.188	28	28	1	1	0.405	1	0.396	1
67942	0.0	0.0	8	8	1	1	0.0	1	0.0	1
68280	1.24	0.662	33	33	1	1	1.24	1	0.613	1
68308	0.211	0.147	15	14	1	1	0.211	1	0.321	1
68748	0.0	0.0	16	16	1	1	0.0	1	0.0	1
69006	0.787	0.475	58	58	1	1	0.787	1	0.742	1
69144	0.58	0.376	16	16	1	1	0.58	1	0.209	1
69152	0.857	0.634	5	5	1	1	0.857	1	0.27	1
69232	1.646	0.0	22	22	0	0	1.136	0	1.646	0
69254	0.558	0.503	23	21	0	1	0.558	1	0.212	0
69306	1.172	1.172	31	31	1	1	1.172	1	0.0	1
69666	0.125	0.125	46	47	0	0	0.607	0	0.001	0
69936	1.472	1.472	10	10	1	1	1.472	1	0.0	1
70010	0.0	0.0	2	2	0	0	0.0	0	0.0	0
70084	1.834	2.615	24	23	1	1	1.834	1	2.494	1
70178	0.43	0.468	13	13	1	1	0.43	1	0.176	1
70186	0.625	0.555	20	20	1	1	0.625	1	0.091	1
70472	3.053	3.053	30	30	1	1	1.615	1	0.0	1
70538	0.122	0.122	4	4	1	1	0.83	1	0.0	1
70612	0.103	0.0	15	15	0	0	0.0	0	0.103	0
70692	0.395	0.427	23	23	1	1	0.395	1	0.633	1
70766	0.0	0.0	16	16	1	1	0.0	1	0.0	1
70912	0.317	0.227	9	9	1	1	0.301	1	0.092	1
71022	0.033	0.033	28	28	1	1	0.033	1	0.0	1
71092	0.198	0.0	18	19	0	0	0.0	0	0.198	0
71748	1.132	1.169	29	29	1	1	1.132	1	0.812	1
71778	0.0	0.0	22	22	1	1	0.0	1	0.0	1
71872	1.105	0.551	97	97	1	1	1.105	1	0.581	1
72055	0.809	0.849	18	18	1	1	0.809	1	0.486	1
72099	0.0	0.0	25	25	1	1	0.0	1	0.0	1
72170	0.26	0.288	9	9	1	1	0.26	1	0.398	1
72174	0.996	1.051	15	15	1	1	0.996	1	0.189	1
72742	0.344	0.615	9	9	1	1	0.344	1	0.376	1
72759	1.423	1.217	10	9	0	0	0.0	0	1.58	0
72840	0.841	0.598	5	5	1	1	0.841	1	0.247	1
72940	0.143	0.0	19	19	1	1	0.143	1	0.143	1
73336	1.211	0.34	48	48	1	1	1.211	1	1.322	1
73412	0.426	0.444	8	8	1	1	0.426	1	0.166	1
73688	0.354	0.598	49	49	0	0	0.94	0	0.439	0
73698	0.272	0.0	7	7	1	1	0.272	1	0.272	1
73727	9.79	9.79	12	12	0	0	0.0	0	0.0	0
73838	0.315	0.241	13	13	0	1	0.315	1	0.114	0
74146	0.354	0.0	20	20	0	0	0.486	0	0.354	0
74270	0.0	0.0	9	9	0	0	0.355	0	0.0	0
74326	0.693	0.726	47	45	1	1	0.693	1	0.242	1
74336	0.485	0.37	36	36	1	1	0.485	1	0.217	1
74380	0.182	0.308	8	8	1	1	0.182	1	0.203	1
75040	0.154	0.155	15	16	0	1	0.154	1	0.005	0
75135	0.977	1.196	18	18	1	1	0.977	1	0.261	1
75206	0.056	0.0	48	50	1	1	0.056	1	0.056	1
75316	0.173	0.0	23	23	0	0	0.952	0	0.173	0
75377	0.697	0.382	7	7	1	1	0.697	1	0.319	1
75554	0.0	0.0	63	63	0	0	0.0	0	0.0	0
75678	0.0	0.0	28	28	1	1	0.0	1	0.0	1
75700	2.938	2.877	26	26	1	1	2.938	1	0.305	1
75729	0.254	0.0	26	25	0	0	0.077	0	0.254	0
75862	1.135	0.914	36	38	1	1	1.135	1	0.315	1
75954	0.22	0.0	38	39	1	1	0.276	1	0.22	1
76038	0.402	0.422	8	8	1	1	0.402	1	0.099	1
76059	0.443	0.123	20	20	1	1	0.443	1	0.327	1
76250	1.271	0.735	9	9	1	1	1.271	1	0.641	1
76280	1.267	1.012	29	29	1	1	1.267	1	0.474	1
76346	0.0	0.0	42	43	0	0	0.515	0	0.0	0
76350	1.103	0.776	104	104	0	1	1.103	1	1.756	0
76866	0.0	0.0	22	22	0	0	0.0	0	0.0	0
76888	1.151	0.709	13	13	1	1	1.151	1	0.448	1
76998	0.0	0.0	11	11	1	1	0.0	1	0.0	1
77328	0.537	1.157	14	13	1	1	0.537	1	0.628	1
77702	0.706	0.25	15	15	1	1	0.706	1	0.546	1
77846	0.255	0.479	19	19	1	1	0.255	1	0.309	1
77878	0.672	0.718	29	28	0	0	0.514	0	0.05	0
77978	0.696	0.83	9	9	1	1	0.696	1	0.98	1
78242	0.913	0.688	23	24	1	1	0.787	1	0.338	1
79491	0.677	0.33	5	5	1	1	0.677	1	0.361	1
79616	0.0	0.0	11	11	1	1	0.0	1	0.0	1
81420	2.998	2.965	13	13	1	1	2.998	1	0.117	1
82322	7.536	7.536	12	11	0	0	0.0	0	0.0	0
90135	0.0	0.0	21	21	1	1	0.0	1	0.0	1
90179	0.927	0.225	29	29	1	1	0.927	1	0.968	1
91235	0.261	0.187	17	17	1	1	0.261	1	0.096	1
91367	0.641	0.498	11	11	1	1	0.641	1	0.156	1
91697	2.482	2.195	13	11	1	1	2.482	1	0.378	1
91917	0.119	0.0	45	47	1	1	0.119	1	0.119	1
92134	0.292	0.77	11	11	1	1	0.292	1	0.994	1
92225	0.352	0.643	20	20	0	0	0.54	0	0.332	0
92904	0.0	0.0	13	13	0	0	0.0	0	0.0	0
92992	1.004	1.337	17	17	1	1	1.004	1	0.352	1
93105	0.432	0.513	25	25	1	1	0.432	1	0.255	1
93545	0.0	0.0	2	2	1	1	0.0	1	0.0	1
93677	0.359	0.034	37	37	1	1	0.359	1	0.332	1
93696	0.211	0.46	13	13	1	1	0.211	1	0.576	1
93776	0.0	0.0	14	14	1	1	0.0	1	0.0	1
94092	4.405	2.953	12	12	0	1	4.405	1	1.494	0
94224	0.303	0.35	20	21	1	1	0.286	1	0.139	1
94293	0.38	0.53	30	31	1	1	0.38	1	0.21	1
94392	1.815	0.188	29	28	1	1	1.815	1	1.754	1
94546	0.086	0.079	10	10	0	1	0.086	1	0.108	0
94678	0.0	0.0	8	8	1	1	0.0	1	0.0	1
94942	0.609	0.536	14	13	0	0	0.516	0	0.125	0
95074	0.457	0.808	26	26	1	1	0.457	1	0.497	1
95170	0.0	0.0	22	22	0	0	0.319	0	0.0	0
95405	0.712	0.663	11	11	1	1	0.712	1	0.17	1
95412	0.464	0.194	26	26	1	1	0.464	1	0.346	1
95690	2.214	2.243	15	15	1	1	2.214	1	0.085	1
95899	0.433	0.417	43	44	0	1	0.433	1	0.165	0
96306	0.379	0.471	13	13	1	1	0.379	1	0.134	1
96383	2.842	0.0	39	38	0	1	2.842	1	2.842	0
97010	6.922	4.751	45	45	1	1	2.492	1	2.401	1
97062	0.484	0.0	13	13	0	0	1.356	0	0.484	0
97084	0.698	0.869	37	37	1	1	0.698	1	0.183	1
97231	0.409	0.376	25	22	0	1	0.171	1	0.209	0
97260	0.417	0.0	11	10	1	0	6.867	0	0.417	1
98294	0.0	0.0	66	64	0	1	0.0	1	0.0	0
98338	0.506	0.0	11	11	1	1	0.506	1	0.506	1
98353	0.649	0.773	18	18	1	1	0.649	1	0.128	1
98470	1.082	0.608	17	17	1	1	1.082	1	0.606	1
98704	0.057	0.0	3	2	0	1	0.057	1	0.057	0
98778	0.561	0.605	19	19	1	1	0.561	1	0.094	1
98844	0.557	0.126	83	81	1	0	6.118	0	0.464	0
98947	0.505	0.416	9	9	1	1	0.505	1	0.195	1
99035	0.353	0.213	7	7	1	0	0.0	0	0.475	0
99232	0.26	0.361	11	11	1	1	0.26	1	0.103	1
99716	0.317	0.141	42	42	1	1	0.317	1	0.184	1
99782	0.296	0.32	37	38	1	1	0.296	1	0.107	1
99838	0.823	0.673	51	51	1	1	0.823	1	0.169	1
99959	0.0	0.0	2	2	1	1	0.0	1	0.0	1
99966	0.53	0.846	13	13	1	1	0.53	1	0.355	1
100135	2.897	0.701	29	28	1	1	2.844	1	2.456	1
100222	0.687	0.418	156	156	1	1	0.723	1	0.426	1
100245	0.269	0.231	13	13	1	1	0.269	1	0.058	1
100322	0.0	0.0	7	7	1	1	0.0	1	0.0	1
100420	1.043	1.17	18	18	1	1	1.043	1	0.139	1
100421	0.244	0.0	21	20	0	1	0.244	1	0.244	0
100564	0.501	0.647	8	8	1	1	0.501	1	0.258	1
101004	0.0	0.0	4	4	0	0	0.0	0	0.0	0
101224	0.0	0.0	32	32	0	0	0.0	0	0.0	0
101454	1.157	1.242	22	21	1	1	1.157	1	2.388	1
101498	1.109	0.627	14	14	0	0	0.0	0	1.426	0
101554	0.35	0.227	43	43	1	1	0.35	1	0.151	1
101675	1.992	1.985	39	39	1	1	1.992	1	0.295	1
102247	0.0	0.0	20	20	0	0	0.0	0	0.0	0
102841	0.863	1.026	29	29	1	1	0.863	1	0.208	1
103204	0.601	0.323	8	8	1	1	0.601	1	0.331	1
103391	1.632	0.535	29	29	0	0	0.407	0	1.706	0
103798	0.407	0.182	84	84	1	1	0.407	1	0.234	1
103952	0.758	0.25	36	36	0	1	0.758	1	0.52	0
104216	0.357	0.74	41	41	1	1	0.357	1	0.514	1
104260	0.0	0.0	30	29	1	1	0.0	1	0.0	1
104304	0.617	1.351	8	7	1	1	0.617	1	0.798	1
104920	0.504	0.524	13	13	1	1	0.504	1	0.334	1
105140	0.0	0.0	6	6	1	1	0.0	1	0.0	1
105316	0.263	0.306	65	66	1	1	0.263	1	0.279	1
105426	0.465	0.0	5	5	1	1	0.465	1	0.465	1
105492	0.0	0.0	23	22	1	0	0.848	0	0.0	1
156093	1.468	1.373	13	13	1	1	1.468	1	0.096	1
157281	1.016	1.301	11	11	1	1	1.016	1	0.509	1
158227	0.0	0.0	6	6	1	1	0.0	1	0.0	1
159569	1.129	1.106	38	39	1	1	1.26	1	0.572	1
161043	0.39	0.364	19	19	1	1	0.39	1	0.028	1
162143	1.097	0.418	36	36	1	1	1.097	1	0.71	1
163309	0.0	0.0	14	14	1	1	0.0	1	0.0	1
163771	0.0	0.0	11	11	0	1	0.0	1	0.0	0
164475	0.356	0.294	14	15	1	1	0.356	1	0.103	1
165157	3.721	3.721	60	61	0	0	3.469	0	0.0	0
165544	0.096	0.219	18	18	0	1	0.096	1	0.209	0
165767	0.152	0.0	15	14	0	0	0.253	0	0.152	0
166006	0.505	0.96	13	13	1	1	0.505	1	0.509	1
166050	0.067	0.051	24	24	1	1	0.067	1	0.041	1
166295	0.111	0.0	38	37	0	1	0.111	1	0.111	0
166996	0.524	0.0	32	32	1	0	0.127	0	0.524	0
167351	0.0	0.0	24	24	0	0	0.0	0	0.0	0
167744	0.0	0.0	35	35	1	1	0.0	1	0.0	1
168209	0.197	0.074	12	12	1	1	0.197	1	0.139	1
168448	1.022	0.789	11	11	1	1	1.022	1	0.501	1
168869	0.0	0.0	12	12	1	1	0.0	1	0.0	1
169067	0.677	1.141	23	23	1	1	0.677	1	0.525	1
169152	0.0	0.0	19	19	0	0	1.269	0	0.0	0
169221	0.0	0.0	8	8	1	1	0.0	1	0.0	1
169240	0.421	0.421	9	9	1	1	1.462	1	0.0	1
169306	3.37	3.37	18	19	0	0	2.465	0	0.0	0
169658	0.245	0.241	18	18	1	1	0.245	1	0.063	1
169724	0.226	0.0	13	13	1	0	0.669	0	0.226	0
169793	0.426	0.35	87	89	1	1	0.426	1	0.142	1
170076	1.755	0.708	33	33	1	1	1.755	1	1.756	1
170098	0.829	0.392	80	80	1	1	0.829	1	0.476	1
170274	0.0	0.0	23	23	1	1	0.0	1	0.0	1
170326	0.0	0.0	10	10	0	0	0.0	0	0.0	0
170365	0.294	0.248	7	7	1	1	0.294	1	0.054	1
170428	0.486	0.521	12	12	1	1	0.489	1	0.039	1
170585	0.163	0.125	9	9	1	1	0.163	1	0.118	1
170761	1.61	1.13	50	48	1	1	1.61	1	0.524	1
171143	0.647	0.346	29	27	1	1	0.647	1	0.343	1
171352	0.552	0.272	41	40	1	1	0.552	1	0.32	1
171528	0.0	0.0	31	31	0	0	0.0	0	0.0	0
171572	0.517	0.677	31	31	1	1	0.517	1	0.181	1
171729	0.281	0.0	30	33	1	1	0.191	1	0.281	1
171866	1.286	1.365	10	10	1	1	1.286	1	0.181	1
172020	0.201	0.175	21	19	1	1	0.201	1	0.281	1
172177	0.852	0.622	60	60	1	1	0.852	1	1.276	1
172344	1.881	0.426	6	6	1	1	1.881	1	1.674	1
172617	0.832	0.0	10	10	1	1	0.832	1	0.832	1
172762	0.0	0.0	6	6	1	1	0.0	1	0.0	1
172850	0.438	0.364	5	5	1	1	0.438	1	0.136	1
173049	1.416	1.157	9	9	1	1	1.416	1	0.259	1
173093	0.0	0.0	58	59	1	1	0.0	1	0.0	1
173108	0.088	0.127	13	13	1	1	0.088	1	0.159	1
173340	0.0	0.0	8	8	1	1	0.0	1	0.0	1
173450	3.785	3.814	5	5	0	0	0.0	0	0.086	0
173585	0.729	0.767	13	13	0	1	0.729	1	0.156	1
173620	0.144	0.0	28	28	0	0	0.014	0	0.144	0
173819	1.318	0.475	29	30	1	1	1.318	1	1.267	1
173912	0.313	0.222	20	19	0	1	0.313	1	0.168	0
174311	0.687	0.212	10	10	0	1	0.687	1	0.895	0
174352	1.64	0.269	36	37	1	1	1.64	1	1.42	1
174661	0.572	0.602	3	3	1	1	0.572	1	0.11	1
174771	0.345	0.26	104	101	1	1	0.753	1	0.12	1
174795	0.0	0.0	6	6	1	1	0.0	1	0.0	1
174896	0.465	0.125	64	64	1	0	2.158	0	0.374	1
174993	0.0	0.0	12	12	1	1	0.0	1	0.0	1
175057	0.24	0.0	12	12	1	1	0.24	1	0.24	1
175094	0.729	0.374	25	25	1	1	0.729	1	0.379	1
175117	0.131	0.14	20	20	1	1	0.131	1	0.178	1
175814	0.456	0.544	9	9	1	1	0.456	1	0.104	1
175952	0.504	1.211	23	24	1	1	0.504	1	0.992	1
176150	0.0	0.0	6	6	1	1	0.0	1	0.0	1
176502	1.166	0.626	264	253	0	1	1.166	1	0.547	1
176533	0.594	0.291	97	98	1	1	0.594	1	0.321	1
176810	0.0	0.0	2	2	1	1	0.0	1	0.0	1
176948	1.112	0.835	17	17	1	1	1.112	1	0.682	1
176986	0.0	0.0	63	62	0	0	0.0	0	0.0	0
177068	0.344	0.059	26	28	0	0	1.973	0	0.397	0
177149	1.328	0.451	23	23	1	1	1.328	1	0.923	1
177178	2.545	2.783	7	7	1	1	2.545	1	0.247	1
177266	4.112	3.63	6	6	1	1	4.112	1	0.838	1
177360	0.42	0.42	9	9	1	1	0.42	1	0.103	1
177366	3.823	0.166	17	17	1	1	3.823	1	3.874	1
177521	0.05	0.142	39	39	1	1	0.05	1	0.177	1
177536	0.211	0.271	17	17	1	1	0.211	1	0.157	1
177939	0.167	0.006	7	7	0	0	0.586	0	0.168	0
177961	0.581	0.341	6	7	1	1	0.581	1	0.907	1
178225	0.2	0.0	23	23	1	1	0.2	1	0.2	1
178350	0.0	0.0	4	4	1	1	0.0	1	0.0	1
178388	0.543	0.406	13	13	1	1	0.543	1	0.138	1
178445	5.531	5.531	22	22	0	0	0.0	0	0.0	0
178535	0.0	0.0	6	6	0	0	0.0	0	0.0	0
178570	0.939	0.107	24	24	1	1	0.939	1	0.873	1
178645	0.337	0.448	9	9	0	1	0.337	1	0.385	0
178865	1.381	1.381	6	6	1	1	1.381	1	0.0	1
178885	1.917	1.917	21	21	1	1	1.917	1	0.0	1
179048	0.0	0.0	18	19	0	0	27.418	0	0.0	0
179054	0.344	0.443	21	21	1	1	0.344	1	0.408	1
179246	0.0	0.0	22	22	0	0	0.0	0	0.0	0
179369	0.0	0.0	74	74	1	0	0.549	0	0.0	1
179604	0.765	0.266	16	16	1	1	0.765	1	0.797	1
179611	0.253	0.248	35	35	1	1	0.253	1	0.249	1
179752	0.467	0.158	21	21	1	1	0.467	1	0.502	1
179765	0.118	0.0	8	8	1	1	0.118	1	0.118	1
179897	0.538	0.405	20	20	1	1	0.538	1	0.16	1
179912	0.655	0.081	19	19	0	0	0.0	0	0.73	0
180117	0.281	0.146	12	12	1	1	0.281	1	0.137	1
180544	0.149	0.176	27	27	0	1	0.149	1	0.03	1
180645	0.215	0.0	13	13	1	0	0.0	0	0.215	0
180698	0.075	0.0	20	21	1	1	0.075	1	0.075	1
236610	0.848	0.98	6	6	1	1	0.848	1	0.291	1
237292	0.746	0.594	47	47	0	0	0.0	0	0.389	0
237446	1.834	1.9	5	5	1	1	1.834	1	0.136	1
237798	0.329	0.613	20	20	1	1	0.968	1	0.407	1
240372	0.125	0.304	23	23	1	1	0.125	1	0.2	1
240636	0.142	0.517	17	17	1	1	0.142	1	0.488	1
241626	1.786	1.786	9	9	1	1	0.0	1	0.0	1
242000	2.065	0.404	7	7	1	1	2.065	1	2.421	1
242022	0.0	0.0	20	20	1	1	0.0	1	0.0	1
242484	0.0	0.0	21	21	1	1	0.0	1	0.0	1
242550	0.382	0.16	16	16	1	1	0.382	1	0.386	1
242726	0.15	0.288	26	25	1	1	0.15	1	0.326	1
242814	0.119	0.288	24	22	1	1	0.814	1	0.218	1
243628	0.653	0.149	51	50	0	1	0.653	1	0.721	1
275231	2.715	2.448	27	27	1	1	2.14	1	0.298	1
275539	14.616	14.616	34	33	0	1	0.0	1	0.0	0
277123	0.0	0.0	20	20	1	1	0.0	1	0.0	1
278509	0.0	0.0	21	21	1	1	0.0	1	0.0	1
279213	0.0	0.0	20	20	1	1	0.0	1	0.0	1
279955	1.052	0.36	9	9	1	1	1.052	1	0.975	1
279977	2.32	2.388	11	11	1	1	2.32	1	0.096	1
280159	1.946	1.645	111	112	1	1	1.846	1	0.426	1
280351	0.363	0.385	19	19	1	1	0.363	1	0.217	1
280709	0.314	0.0	39	39	0	0	0.0	0	0.314	0
280945	0.0	0.0	14	14	0	0	0.143	0	0.0	0
281567	0.0	0.0	199	201	0	0	0.297	0	0.0	0
281781	0.518	0.403	125	123	0	1	0.518	1	0.16	1
281985	1.248	1.201	11	12	1	1	1.248	1	0.223	1
282491	0.594	0.152	9	9	1	1	0.594	1	0.444	1
282749	2.439	0.214	19	20	1	1	2.439	1	2.379	1
282909	0.0	0.0	92	90	0	0	1.17	0	0.0	0
283299	0.0	0.0	57	58	1	1	0.0	1	0.0	1
283568	0.301	0.112	48	47	1	1	0.301	1	0.216	1
283591	0.614	0.803	3	3	1	1	0.614	1	0.196	1
283833	0.0	0.0	32	30	0	1	0.0	1	0.0	0
283849	0.147	0.149	10	10	1	1	0.431	1	0.021	1
284047	0.0	0.0	2	2	1	1	0.0	1	0.0	1
284206	0.285	0.264	32	31	1	1	0.285	1	0.136	1
284866	1.374	0.882	5	5	1	1	1.374	1	0.514	1
285350	0.42	0.0	11	11	1	1	0.42	1	0.42	1
285680	0.329	0.194	14	14	1	1	0.329	1	0.259	1
286296	0.0	0.0	42	43	0	1	0.0	1	0.0	0
286489	0.231	0.373	12	12	1	1	0.231	1	0.271	1
287374	0.0	0.0	14	14	1	1	0.0	1	0.0	1
287464	0.543	0.0	41	41	0	0	0.0	0	0.543	0
287638	0.0	0.0	11	10	0	0	0.62	0	0.0	0
287770	2.084	1.66	9	9	1	1	2.084	1	0.484	1
288012	4.386	4.421	23	23	1	1	4.386	1	0.241	1
289246	0.494	0.432	67	67	1	1	0.494	1	0.076	1
289464	0.555	0.667	16	16	1	1	0.555	1	0.554	1
289862	0.0	0.0	4	4	0	0	0.0	0	0.0	0
290542	1.651	1.652	7	7	0	0	3.164	0	0.0	0
290588	0.463	0.686	45	45	0	1	0.463	1	0.239	1
292370	0.484	0.475	7	7	1	1	0.484	1	0.225	1
292436	0.409	0.0	29	28	1	0	0.0	0	0.409	1
292524	0.047	0.0	57	60	1	1	0.047	1	0.047	1
292568	0.137	0.065	44	46	1	1	0.137	1	0.203	1
292722	0.536	0.328	18	18	1	1	0.536	1	0.222	1
292788	0.801	0.314	14	14	1	1	0.801	1	0.516	1
292810	1.314	0.982	29	28	0	1	1.314	1	0.613	0
293470	0.0	0.0	24	24	1	1	0.0	1	0.0	1
293536	0.627	0.113	21	21	1	1	0.627	1	0.66	1
293734	0.307	0.071	6	6	1	1	0.307	1	0.278	1
294174	0.173	0.0	76	77	1	1	0.173	1	0.173	1
315955	0.233	0.408	11	11	1	1	0.233	1	0.323	1
316021	1.23	0.662	8	8	1	1	1.23	1	0.689	1
316197	0.0	0.0	6	6	0	0	0.0	0	0.0	0
316811	0.649	0.67	36	36	1	1	0.649	1	0.11	1
316987	0.517	1.756	19	18	1	1	0.517	1	1.82	1
317077	0.999	0.901	29	29	0	1	0.999	1	0.101	0
317407	0.124	0.217	26	26	0	1	0.124	1	0.243	0
317957	0.358	0.433	5	5	0	0	0.167	0	0.188	0
318021	0.22	0.023	9	9	0	0	0.897	0	0.21	0
318549	0.0	0.0	4	4	1	1	0.0	1	0.0	1
318703	0.125	0.143	79	75	1	1	0.125	1	0.231	1
318769	4.203	0.0	127	128	0	0	0.0	0	4.203	0
319475	0.077	0.16	46	46	1	1	1.039	1	0.227	1
319871	1.675	1.471	19	19	1	1	1.675	1	0.206	1
320485	0.066	0.261	22	22	1	1	0.066	1	0.206	1
321015	7.555	7.432	46	46	1	1	7.555	1	0.129	1
321169	0.0	0.0	50	50	0	0	0.998	0	0.0	0
321235	0.0	0.0	11	11	1	1	0.0	1	0.0	1
321629	0.281	0.045	44	44	1	1	0.281	1	0.313	1
321741	0.217	0.0	10	10	1	0	0.0	1	0.217	1
321849	0.088	0.167	54	54	1	1	1.012	1	0.085	1
321895	1.705	1.845	7	8	1	1	1.289	1	1.25	1
321937	0.0	0.0	11	11	1	1	0.0	1	0.0	1
321983	0.0	0.0	41	42	1	1	0.0	1	0.0	1
322135	1.257	0.563	23	23	1	1	1.257	1	0.877	1
322181	0.539	0.505	3	3	1	1	0.539	1	0.182	1
322269	0.425	0.377	9	9	1	1	0.425	1	0.065	1
322707	0.573	0.24	29	29	0	1	0.573	1	0.373	0
322861	0.902	1.374	3	3	1	1	0.902	1	0.506	1
322907	0.192	0.299	16	16	1	1	0.192	1	0.136	1
323125	0.487	0.497	11	11	1	1	0.487	1	0.232	1
323171	0.495	0.05	19	19	1	1	0.495	1	0.473	1
323369	0.0	0.0	11	11	0	0	0.358	0	0.0	0
347384	0.643	0.306	9	9	1	1	0.643	1	0.413	1
347824	0.909	1.218	87	88	1	1	0.909	1	0.516	1
347890	0.579	0.313	19	19	0	1	0.579	1	0.495	1
348594	0.514	0.493	12	11	1	1	0.514	1	0.665	1
348682	0.029	0.029	30	30	1	1	0.029	1	0.0	1
349056	0.198	0.304	10	10	0	1	0.198	1	0.438	0
350354	0.128	0.006	109	107	0	0	3.223	0	0.122	0
350596	2.27	0.416	28	29	1	1	2.27	1	1.862	1
351564	0.508	0.459	5	5	1	1	0.508	1	0.096	1
352202	0.049	0.0	5	4	1	1	0.049	1	0.049	1
352664	0.797	0.553	9	9	1	1	0.797	1	0.247	1
352796	0.357	0.905	11	11	1	1	0.357	1	0.627	1
354248	4.238	3.015	29	30	1	1	3.498	1	2.568	1
354578	1.099	1.258	9	8	1	1	1.099	1	0.246	1
355106	0.0	0.0	7	7	1	0	0.587	0	0.0	0
355238	0.301	0.267	8	7	1	1	0.301	1	0.148	1
388323	0.395	0.444	35	35	1	1	0.395	1	0.19	1
389225	1.128	0.985	46	46	1	1	1.128	1	0.184	1
389379	0.0	0.0	26	26	0	0	0.0	0	0.0	0
390216	0.49	0.624	42	42	1	1	0.49	1	0.219	1
390370	0.322	0.252	27	26	1	1	0.322	1	0.085	1
390391	1.265	2.212	6	5	1	1	1.264	1	1.692	1
390634	0.378	0.304	49	48	1	1	0.378	1	0.239	1
390743	0.552	0.24	20	20	0	1	0.552	1	0.539	0
390810	0.087	0.0	11	11	1	1	0.087	1	0.087	1
390942	1.167	1.727	44	43	1	1	1.167	1	1.822	1
391415	2.327	2.408	9	9	1	1	2.327	1	0.219	1
391513	1.08	0.155	8	9	1	1	1.08	1	1.211	1
391777	0.372	0.328	19	19	1	1	0.372	1	0.185	1
391899	0.302	0.806	23	25	1	1	0.302	1	1.089	1
392009	0.053	0.0	18	18	1	1	0.053	1	0.053	1
392327	0.19	0.285	50	50	1	1	0.19	1	0.14	1
392527	1.909	1.7	9	8	1	1	1.909	1	0.227	1
392649	0.0	0.0	20	20	1	1	0.0	1	0.0	1
392759	2.019	1.585	44	44	1	1	2.019	1	0.5	1
392891	0.35	0.0	11	10	0	1	0.35	1	0.35	1
392988	0.788	1.324	15	15	1	1	0.788	1	1.586	1
393089	0.196	0.252	11	11	1	1	0.196	1	0.148	1
393133	0.0	0.0	40	40	0	0	0.0	0	0.0	0
393485	0.233	0.366	3	3	1	1	0.233	1	0.197	1
393538	0.604	0.418	25	24	1	1	0.604	1	0.344	1
393727	0.0	0.0	5	5	1	1	0.0	1	0.0	1
393758	0.543	0.595	5	5	1	1	0.543	1	0.122	1
393935	0.0	0.0	4	4	1	1	0.0	1	0.0	1
394407	0.0	0.0	22	22	0	0	0.0	0	0.0	0
395012	0.246	0.198	30	30	1	1	0.246	1	0.13	1
395033	0.034	0.0	10	10	1	1	0.034	1	0.034	1
395089	0.543	0.554	32	32	1	1	0.543	1	0.466	1
395209	1.363	1.448	7	7	1	1	1.363	1	0.917	1
395277	0.138	0.0	23	23	0	0	0.0	0	0.138	0
395298	1.191	1.583	18	18	1	1	1.191	1	0.49	1
395443	0.591	0.455	24	24	1	1	0.591	1	0.179	1
395573	0.306	0.572	42	42	1	1	0.306	1	0.295	1
395597	0.674	0.175	15	16	1	1	0.674	1	0.761	1
395695	0.373	0.841	37	38	1	1	0.373	1	0.58	1
395837	0.0	0.0	14	14	1	1	0.0	1	0.0	1
395870	0.505	0.672	52	52	1	1	0.505	1	0.19	1
396037	0.0	0.0	37	38	0	0	0.0	0	0.0	0
396057	22.862	0.0	7	8	0	0	0.501	0	22.862	0
396091	0.643	1.253	19	19	1	1	0.643	1	0.65	1
396157	0.0	0.0	8	8	1	1	0.0	1	0.0	1
396222	3.093	1.879	288	291	1	1	3.093	1	4.149	1
396323	1.322	1.843	18	18	1	1	1.322	1	1.123	1
396355	0.2	0.179	17	17	1	1	0.2	1	0.093	1
396420	2.172	2.013	25	25	1	1	2.172	1	0.179	1
396551	1.1	0.0	13	13	1	1	1.1	1	1.1	1
396761	1.521	1.521	8	8	1	1	1.521	1	0.0	1
396805	0.134	0.0	4	4	1	1	0.134	1	0.134	1
396816	0.0	0.0	39	41	0	0	0.0	0	0.0	0
396829	0.0	0.0	41	40	1	1	0.0	1	0.0	1
396882	0.0	0.0	8	8	1	1	0.0	1	0.0	1
396927	0.283	0.057	26	26	1	1	0.283	1	0.228	1
396971	2.583	2.571	34	34	1	1	2.583	1	0.179	1
397005	1.161	1.331	16	17	1	1	1.161	1	0.216	1
397103	1.723	0.67	19	19	1	1	1.723	1	1.139	1
397190	0.0	0.0	15	15	1	1	0.0	1	0.0	1
397379	0.42	0.574	9	9	1	1	0.42	1	0.155	1
397401	0.75	1.271	17	17	1	1	0.75	1	0.684	1
397476	0.567	0.0	23	23	0	0	0.0	0	0.567	0
397487	0.0	0.0	8	8	0	0	0.0	0	0.0	0
397542	0.24	0.357	8	9	1	0	2.29	1	0.122	1
397599	0.457	0.448	14	13	1	1	0.457	1	0.804	1
397630	1.21	1.157	41	39	1	1	1.21	1	0.245	1
397927	0.551	0.34	7	7	1	1	0.551	1	0.42	1
398181	1.074	0.597	27	27	1	1	1.074	1	1.063	1
398268	1.584	1.821	26	26	1	1	1.584	1	3.394	1
398313	0.334	0.334	20	20	1	1	0.334	1	0.0	1
399061	0.0	0.0	16	16	1	1	0.0	1	0.0	1
399303	0.285	0.0	15	14	1	1	0.285	1	0.285	1
400029	0.16	0.0	27	27	1	1	0.16	1	0.16	1
400117	0.296	0.359	9	9	1	1	0.296	1	0.335	1
400185	0.0	0.0	48	48	1	1	0.0	1	0.0	1
400251	2.141	0.278	27	27	0	1	2.141	1	2.318	1
400779	0.0	0.0	12	12	0	1	0.0	1	0.0	0
401197	0.0	0.0	4	4	1	1	0.0	1	0.0	1
401241	0.0	0.0	10	10	0	0	0.0	0	0.0	0
402077	0.131	0.096	17	18	1	1	0.131	1	0.198	1
402209	0.189	0.164	22	22	1	1	0.189	1	0.132	1
403023	0.042	0.0	41	42	1	1	0.093	1	0.042	1
403397	0.742	0.759	21	21	1	1	0.742	1	0.136	1
404189	1.104	0.773	5	5	1	1	1.104	1	0.349	1
405201	0.463	0.474	32	32	1	1	0.463	1	0.151	1
405707	1.163	3.098	23	21	1	1	1.53	1	3.463	1
405927	0.0	0.0	15	15	0	0	0.135	0	0.0	0
406125	0.738	1.161	88	88	1	1	0.738	1	0.486	1
406147	3.159	1.176	41	41	1	1	3.159	1	2.258	1
406367	2.051	1.961	15	15	1	1	2.051	1	0.101	1
406631	0.0	0.0	26	25	1	0	0.616	0	0.0	1
407534	1.599	0.237	22	22	1	1	1.599	1	1.376	1
407886	0.0	0.0	16	16	0	0	0.299	0	0.0	0
408326	0.862	0.893	8	8	1	1	0.862	1	0.036	1
408678	1.74	1.809	61	60	0	1	1.74	1	0.103	0
409052	0.0	0.0	4	4	1	1	0.0	1	0.0	1
409140	1.898	1.707	22	21	0	1	1.898	1	0.348	0
409514	0.067	0.067	14	15	1	0	2.408	1	0.0	1
409624	3.572	3.505	19	19	1	1	3.572	1	0.069	1
409888	0.829	0.0	37	37	0	0	0.525	0	0.829	0
409906	0.479	0.271	40	40	0	0	0.439	0	0.218	0
410566	0.127	0.044	18	18	1	1	0.127	1	0.095	1
410680	0.776	0.535	22	23	1	1	0.776	1	0.304	1
410698	0.579	0.602	7	7	1	1	0.579	1	0.099	1
412396	0.485	0.716	14	13	1	1	0.485	1	0.555	1
412612	0.0	0.0	6	6	0	0	0.0	0	0.0	0
412638	2.86	2.86	17	17	1	1	0.0	1	0.0	1
414024	0.0	0.0	20	20	1	1	0.0	1	0.0	1
414200	0.743	0.531	5	5	1	1	0.743	1	0.237	1
414240	0.162	0.0	10	10	1	0	0.907	0	0.162	1
414288	0.012	0.0	3	3	0	0	0.681	0	0.012	0
414306	0.0	0.0	5	5	1	1	0.0	1	0.0	1
415186	1.577	1.47	21	21	0	1	1.577	1	0.252	0
415564	17.454	17.454	12	12	0	0	0.0	0	0.0	0
417100	0.0	0.0	4	4	1	1	0.0	1	0.0	1
417496	0.0	0.0	14	14	1	1	0.0	1	0.0	1
417782	0.0	0.0	18	19	0	0	4.491	0	0.0	0
473952	0.0	0.0	29	29	1	1	0.0	1	0.0	1
474370	0.0	0.0	30	30	1	1	0.0	1	0.0	1
474612	0.0	0.0	5	5	1	1	0.0	1	0.0	1
474678	0.345	0.517	25	25	1	1	0.345	1	0.328	1
477142	0.135	0.0	16	16	0	0	0.638	0	0.135	0
478088	0.988	1.056	9	9	1	1	0.988	1	0.181	1
478220	0.0	0.0	34	34	1	1	0.0	1	0.0	1
478374	3.989	4.27	9	9	1	1	3.989	1	0.639	1
478594	0.884	0.836	7	7	1	1	0.884	1	0.068	1
478638	0.32	0.685	14	13	1	1	0.32	1	0.487	1
478880	0.082	0.0	32	32	1	1	0.157	1	0.082	1
479650	0.303	0.206	69	70	0	0	3.807	1	0.114	0
480728	0.398	0.477	27	27	1	1	0.398	1	0.108	1
480772	0.809	0.765	23	23	1	1	0.809	1	0.202	1
480970	3.456	4.223	10	10	1	1	3.456	1	0.787	1
481014	0.0	0.0	14	14	1	1	0.0	1	0.0	1
493659	0.0	0.0	20	20	0	0	0.0	0	0.0	0
494297	1.022	0.99	12	12	1	1	0.113	1	0.042	1
494847	0.0	0.0	23	23	1	1	0.0	1	0.0	1
495199	0.96	0.0	11	11	1	1	0.96	1	0.96	1
495881	2.058	0.0	21	22	1	0	0.107	0	2.058	1
497311	0.0	0.0	15	15	0	0	0.048	0	0.0	0
497399	0.05	0.05	22	22	0	0	0.0	0	0.0	0
497553	0.431	0.514	9	9	1	1	0.431	1	0.144	1
498851	0.179	0.217	20	20	1	1	0.179	1	0.315	1
499115	0.792	0.719	13	13	1	1	0.792	1	0.094	1
499423	0.0	0.0	59	58	0	0	0.146	0	0.0	0
499577	0.985	0.646	52	50	1	1	0.917	1	0.434	1
500149	0.486	0.589	9	8	1	1	0.486	1	0.404	1
500567	4.787	4.787	20	20	1	1	0.0	1	0.0	1
501711	3.962	0.0	60	58	1	1	3.962	1	3.962	1
502019	1.449	1.042	18	17	0	1	1.449	1	0.438	1
502525	0.723	0.963	14	14	1	1	0.723	1	0.429	1
502921	0.066	0.098	50	50	1	1	0.066	1	0.14	1
