sample	evt	cand_len_cm	angle_deg	angle1_deg	ratio	sg_len_cm	cap_deg	considered
mcp1k	278684	2.2	124.02	124.02	1.189	35.7	16.0	0
mcp1k	278684	20.1	151.09	151.09	1.050	22.6	16.0	0
mcp1k	278684	20.4	152.62	152.62	1.087	23.6	16.0	0
mcp1k	278684	3.0	156.94	156.94	0.679	36.7	16.0	0
mcp1k	278684	3.1	115.11	115.11	0.908	84.5	16.0	0
mcp1k	278684	3.5	102.61	102.61	0.914	84.6	16.0	0
mcp1k	278684	5.5	29.95	29.95	0.936	1.3	16.0	0
mcp1k	281595	220.3	15.71	10.59	1.021	117.6	16.0	1
mcp1k	281595	220.8	15.58	10.57	1.019	116.1	16.0	1
mcp1k	283713	14.8	11.77	11.77	1.233	28.0	16.0	0
mcp1k	283713	2.9	142.48	142.48	1.006	244.2	16.0	0
mcp1k	283713	3.6	129.54	129.54	0.747	4.0	16.0	0
mcp1k	283713	4.2	136.65	136.65	1.346	28.0	16.0	0
mcp1k	283713	6.2	153.13	153.13	0.309	248.6	16.0	0
mcp1k	286681	14.2	95.78	95.78	1.299	3.9	16.0	0
mcp1k	286681	18.8	88.24	88.24	1.952	27.2	16.0	0
mcp1k	286681	4.8	78.12	78.12	1.274	3.9	16.0	0
mcp1k	286681	56.3	121.43	123.90	1.363	27.2	16.0	0
mcp1k	286681	7.0	46.22	46.22	1.471	7.2	16.0	0
mcp1k	286681	7.0	46.31	46.31	1.398	4.9	16.0	0
mcp1k	313847	5.6	120.24	120.24	1.086	77.8	16.0	0
mcp1k	313847	5.8	65.87	65.87	0.908	22.4	16.0	0
mcp1k	313847	6.2	129.07	129.07	0.969	79.4	16.0	0
mcp1k	313847	63.0	69.05	67.24	1.991	22.4	16.0	0
mcp1k	313847	64.8	71.87	71.62	1.968	19.7	16.0	0
mcp1k	313847	7.6	55.33	55.33	0.920	19.7	16.0	0
mcp1k	61579	10.4	43.15	43.15	1.213	5.8	16.0	0
mcp1k	61579	2.4	59.12	59.12	0.980	10.7	16.0	0
mcp1k	61579	2.9	64.05	64.05	0.874	13.7	16.0	0
mcp1k	61579	7.8	137.42	137.42	1.246	10.9	16.0	0
mcp1k	71222	10.6	132.21	132.21	0.356	6.8	16.0	0
mcp1k	71222	11.5	134.91	134.91	0.308	8.3	16.0	0
mcp1k	71222	2.2	48.20	48.20	1.024	9.0	16.0	0
mcp1k	71222	2.8	54.28	54.28	0.843	8.2	16.0	0
mcp1k	71222	5.4	97.94	97.94	0.110	6.8	16.0	0
mcp1k	71222	5.9	114.63	114.63	0.407	8.3	16.0	0
mcp1k	71222	6.9	69.55	69.55	1.044	8.3	16.0	0
mcp1k	71222	7.5	68.30	68.30	0.904	6.8	16.0	0
mcp2k	177536	11.3	52.45	52.45	1.119	292.4	16.0	0
mcp2k	177536	12.0	46.78	46.78	1.070	292.3	16.0	0
mcp2k	178885	6.3	91.56	91.56	1.180	193.9	16.0	0
mcp2k	178885	6.5	90.99	90.99	1.298	196.0	16.0	0
mcp2k	243628	11.2	105.05	105.05	3.273	81.0	16.0	0
mcp2k	243628	12.7	26.40	26.40	1.904	81.6	16.0	0
mcp2k	243628	13.1	22.41	22.41	1.873	81.3	16.0	0
mcp2k	243628	13.1	23.64	23.64	1.844	81.0	16.0	0
mcp2k	243628	91.8	58.59	66.57	1.886	81.0	16.0	0
mcp2k	282271	1.8	34.65	34.65	0.976	7.9	16.0	0
mcp2k	282271	2.3	85.56	85.56	1.390	7.9	16.0	0
mcp2k	282271	2.9	43.23	43.23	1.053	9.0	16.0	0
mcp2k	282271	20.0	38.39	38.39	1.099	9.0	16.0	0
mcp2k	282271	3.0	48.46	48.46	1.066	10.1	16.0	0
mcp2k	294174	18.1	22.57	22.57	1.578	30.1	16.0	0
mcp2k	294174	27.2	70.64	70.64	1.366	31.6	16.0	0
mcp2k	294174	27.3	73.05	73.05	1.302	30.1	16.0	0
mcp2k	294174	3.9	29.06	29.06	1.253	6.4	16.0	0
mcp2k	294174	31.1	32.16	32.16	1.530	31.6	16.0	0
mcp2k	294174	5.3	40.17	40.17	0.874	7.5	16.0	0
mcp2k	294174	6.6	26.91	26.91	1.125	3.8	16.0	0
mcp2k	294174	6.7	161.06	161.06	0.559	7.3	16.0	0
mcp2k	294174	7.2	132.64	132.64	1.322	245.6	16.0	0
mcp2k	294174	7.5	135.57	135.57	1.162	245.6	16.0	0
mcp2k	392901	2.4	60.39	60.39	0.575	181.1	16.0	0
mcp2k	392901	4.3	53.63	53.63	0.514	21.5	16.0	0
mcp2k	392901	4.4	39.79	39.79	0.611	18.0	16.0	0
mcp2k	392901	5.5	29.52	29.52	0.918	38.5	16.0	0
mcp2k	392901	5.5	51.16	51.16	0.727	18.5	16.0	0
mcp2k	392901	5.6	27.52	27.52	0.917	39.0	16.0	0
mcp2k	392901	8.5	127.53	127.53	1.033	182.2	16.0	0
mcp2k	393538	20.3	36.22	36.22	0.468	251.2	16.0	0
mcp2k	393538	22.0	33.24	33.24	0.578	249.6	16.0	0
mcp2k	393538	3.7	58.60	58.60	0.633	23.9	16.0	0
mcp2k	393538	4.9	60.28	60.28	0.553	23.4	16.0	0
mcp2k	393538	6.8	119.64	119.64	0.563	11.9	16.0	0
mcp2k	395695	21.4	97.80	97.80	1.329	8.0	16.0	0
mcp2k	395695	3.1	45.04	45.04	0.988	37.8	16.0	0
mcp2k	499577	17.1	123.95	123.95	1.101	1.3	16.0	0
mcp2k	499577	18.5	135.50	135.50	0.783	108.4	16.0	0
mcp2k	499577	26.1	32.87	32.87	1.352	110.1	16.0	0
mcp2k	499577	29.7	54.89	54.89	0.880	105.0	16.0	0
mcp2k	499577	4.2	32.48	32.48	1.476	17.9	16.0	0
mcp2k	499577	4.3	26.28	26.28	1.476	18.0	16.0	0
mcp2k	499577	4.3	27.57	27.57	1.462	17.5	16.0	0
mcp2k	499577	4.7	113.51	113.51	0.000	110.1	16.0	0
mcp2k	53793	16.7	15.01	15.01	1.855	240.5	16.0	0
mcp2k	53793	17.0	16.23	16.23	1.752	239.9	16.0	0
mcp2k	53793	8.3	37.14	37.14	1.182	91.9	16.0	0
mcp2k	53793	88.5	62.85	61.18	1.053	4.5	16.0	1
mcp2k	55220	10.0	80.84	80.84	1.349	29.6	16.0	0
mcp2k	55220	14.7	84.14	84.14	0.543	29.6	16.0	0
mcp2k	55740	8.5	11.00	11.00	0.374	123.1	16.0	0
mcp2k	55740	8.8	64.53	64.53	1.081	133.7	16.0	0
mcp2k	66366	5.8	32.91	32.91	0.453	92.3	16.0	0
mcp2k	66366	6.5	35.86	35.86	0.563	93.1	16.0	0
mcp2k	66872	3.0	49.47	49.47	0.747	62.6	16.0	0
mcp2k	66872	4.5	44.57	44.57	0.625	66.3	16.0	0
mcp2k	74336	12.5	27.23	27.23	1.026	104.4	16.0	0
mcp2k	74336	13.1	22.66	22.66	1.026	103.8	16.0	0
mcp2k	74784	260.7	179.02	179.57	1.039	69.1	16.0	1
mcp2k	74784	3.2	69.79	69.79	0.378	66.2	16.0	0
mcp2k	74784	30.4	17.99	17.99	0.197	68.6	16.0	0
mcp2k	99232	16.2	64.99	64.99	1.110	236.3	16.0	0
mcp2k	99232	16.4	64.26	64.26	1.110	238.4	16.0	0
mcp2k	99232	39.0	86.71	86.71	1.879	9.8	16.0	0
mcp2k	99232	40.3	99.83	99.83	1.960	10.4	16.0	0
