label	est	plane	tbin	t_us	n_prof	q	rms_meas_mm	rms_pred_mm	sig_model_mm	sig2_eff_mm2	sig2_err	sig2_naive_mm2	extent	ceiling	centre_share
all	rms	U	0	194.461	1073	1.1232e+08	4.24945	2.27652	1.19556	14.1897	1.4591	14.3047	1.01532	0	0.452414
all	rms	U	1	512.211	974	1.1246e+08	4.26106	2.54355	1.39663	13.5712	1.27045	13.6376	1.18601	0	0.444484
all	rms	U	2	797.186	949	1.12244e+08	4.32095	2.6621	1.55501	13.9507	1.23401	14.0019	1.21633	0	0.436027
all	rms	U	3	1107.19	929	1.1249e+08	4.22181	2.75319	1.71072	13.1244	1.27366	13.1702	1.21201	0	0.435724
all	rms	U	4	1508.08	928	1.12528e+08	4.53747	2.99301	1.89319	15.1742	1.58085	15.2147	1.35946	0	0.424463
all	rms	U	5	1972.47	891	1.12451e+08	4.40998	3.1097	2.08468	14.0849	1.1235	14.1236	1.34804	0	0.422813
all	share	U	0	194.461	1073	1.1232e+08	4.24945	2.27652	1.19556	11.1511	0.809008	14.3047	1.01532	0	0.452414
all	share	U	1	512.211	974	1.1246e+08	4.26106	2.54355	1.39663	10.9684	1.10645	13.6376	1.18601	0	0.444484
all	share	U	2	797.186	949	1.12244e+08	4.32095	2.6621	1.55501	11.5144	0.935904	14.0019	1.21633	0	0.436027
all	share	U	3	1107.19	929	1.1249e+08	4.22181	2.75319	1.71072	11.5623	1.14029	13.1702	1.21201	0	0.435724
all	share	U	4	1508.08	928	1.12528e+08	4.53747	2.99301	1.89319	11.733	1.04225	15.2147	1.35946	0	0.424463
all	share	U	5	1972.47	891	1.12451e+08	4.40998	3.1097	2.08468	11.9486	0.997254	14.1236	1.34804	0	0.422813
all	rms	V	0	201.556	904	9.66376e+07	4.00474	2.73958	1.84798	11.9029	1.39274	11.9476	1.08147	0	0.50374
all	rms	V	1	597.592	903	9.67953e+07	4.15062	3.04339	2.0161	11.994	1.35456	12.0301	1.32321	0	0.481473
all	rms	V	2	1029.38	882	9.67196e+07	4.12626	3.01965	2.18471	12.6464	1.57523	12.6807	1.13916	0	0.474235
all	rms	V	3	1297.88	815	9.67185e+07	4.14439	3.06848	2.28328	12.9391	1.82985	12.9738	1.10698	0	0.473937
all	rms	V	4	1584.41	806	9.6795e+07	3.77335	3.00342	2.38399	10.8648	0.97891	10.901	0.878093	0	0.489177
all	rms	V	5	1928.66	771	9.6763e+07	4.11299	3.27549	2.49961	12.4025	1.25741	12.4359	1.17064	0	0.460664
all	share	V	0	201.556	904	9.66376e+07	4.00474	2.73958	1.84798	7.5188	1.08032	11.9476	1.08147	0	0.50374
all	share	V	1	597.592	903	9.67953e+07	4.15062	3.04339	2.0161	7.54235	1.55425	12.0301	1.32321	0	0.481473
all	share	V	2	1029.38	882	9.67196e+07	4.12626	3.01965	2.18471	9.03608	1.30457	12.6807	1.13916	0	0.474235
all	share	V	3	1297.88	815	9.67185e+07	4.14439	3.06848	2.28328	9.20976	1.41333	12.9738	1.10698	0	0.473937
all	share	V	4	1584.41	806	9.6795e+07	3.77335	3.00342	2.38399	9.19696	1.22387	10.901	0.878093	0	0.489177
all	share	V	5	1928.66	771	9.6763e+07	4.11299	3.27549	2.49961	9.82055	1.05955	12.4359	1.17064	0	0.460664
all	rms	W	0	202.444	1347	6.0907e+07	4.34195	1.36385	0.578793	16.2382	4.00495	17.3275	0.560241	0	0.611425
all	rms	W	1	549.415	1055	6.11348e+07	2.64119	1.48317	0.950869	5.0485	1.91979	5.68026	1.45519e-11	0	0.75324
all	rms	W	2	831.666	1222	6.11066e+07	3.38398	1.81416	1.16925	9.41722	2.34864	9.5273	0.211731	0	0.672575
all	rms	W	3	1151.94	1309	6.1012e+07	4.40367	2.21334	1.37568	16.2627	3.94491	16.3859	0.748798	0	0.538871
all	rms	W	4	1557.44	1232	6.10101e+07	4.05868	2.31998	1.59927	13.573	3.50181	13.6482	0.671536	0	0.557784
all	rms	W	5	1967.35	1277	6.11315e+07	3.70674	2.47001	1.79723	10.8098	2.73592	10.8691	0.681785	0	0.599434
all	share	W	0	202.444	1347	6.0907e+07	4.34195	1.36385	0.578793	5.01071	1.78466	17.3275	0.560241	0	0.611425
all	share	W	1	549.415	1055	6.11348e+07	2.64119	1.48317	0.950869	1.96772	0.494943	5.68026	1.45519e-11	0	0.75324
all	share	W	2	831.666	1222	6.11066e+07	3.38398	1.81416	1.16925	3.68806	0.731409	9.5273	0.211731	0	0.672575
all	share	W	3	1151.94	1309	6.1012e+07	4.40367	2.21334	1.37568	7.39436	2.52199	16.3859	0.748798	0	0.538871
all	share	W	4	1557.44	1232	6.10101e+07	4.05868	2.31998	1.59927	6.76305	2.30564	13.6482	0.671536	0	0.557784
all	share	W	5	1967.35	1277	6.11315e+07	3.70674	2.47001	1.79723	5.11328	1.09136	10.8691	0.681785	0	0.599434
run:run029107	rms	U	0	194.461	1073	1.1232e+08	4.24945	2.27652	1.19556	14.1897	1.39932	14.3047	1.01532	0	0.452414
run:run029107	rms	U	1	512.211	974	1.1246e+08	4.26106	2.54355	1.39663	13.5712	1.26716	13.6376	1.18601	0	0.444484
run:run029107	rms	U	2	797.186	949	1.12244e+08	4.32095	2.6621	1.55501	13.9507	1.33723	14.0019	1.21633	0	0.436027
run:run029107	rms	U	3	1107.19	929	1.1249e+08	4.22181	2.75319	1.71072	13.1244	1.31559	13.1702	1.21201	0	0.435724
run:run029107	rms	U	4	1508.08	928	1.12528e+08	4.53747	2.99301	1.89319	15.1742	2.01376	15.2147	1.35946	0	0.424463
run:run029107	rms	U	5	1972.47	891	1.12451e+08	4.40998	3.1097	2.08468	14.0849	1.12069	14.1236	1.34804	0	0.422813
run:run029107	share	U	0	194.461	1073	1.1232e+08	4.24945	2.27652	1.19556	11.1511	0.848354	14.3047	1.01532	0	0.452414
run:run029107	share	U	1	512.211	974	1.1246e+08	4.26106	2.54355	1.39663	10.9684	1.08112	13.6376	1.18601	0	0.444484
run:run029107	share	U	2	797.186	949	1.12244e+08	4.32095	2.6621	1.55501	11.5144	1.01497	14.0019	1.21633	0	0.436027
run:run029107	share	U	3	1107.19	929	1.1249e+08	4.22181	2.75319	1.71072	11.5623	1.16219	13.1702	1.21201	0	0.435724
run:run029107	share	U	4	1508.08	928	1.12528e+08	4.53747	2.99301	1.89319	11.733	1.21939	15.2147	1.35946	0	0.424463
run:run029107	share	U	5	1972.47	891	1.12451e+08	4.40998	3.1097	2.08468	11.9486	1.0514	14.1236	1.34804	0	0.422813
run:run029107	rms	V	0	201.556	904	9.66376e+07	4.00474	2.73958	1.84798	11.9029	1.55062	11.9476	1.08147	0	0.50374
run:run029107	rms	V	1	597.592	903	9.67953e+07	4.15062	3.04339	2.0161	11.994	1.33883	12.0301	1.32321	0	0.481473
run:run029107	rms	V	2	1029.38	882	9.67196e+07	4.12626	3.01965	2.18471	12.6464	1.54747	12.6807	1.13916	0	0.474235
run:run029107	rms	V	3	1297.88	815	9.67185e+07	4.14439	3.06848	2.28328	12.9391	1.88336	12.9738	1.10698	0	0.473937
run:run029107	rms	V	4	1584.41	806	9.6795e+07	3.77335	3.00342	2.38399	10.8648	1.03782	10.901	0.878093	0	0.489177
run:run029107	rms	V	5	1928.66	771	9.6763e+07	4.11299	3.27549	2.49961	12.4025	1.26695	12.4359	1.17064	0	0.460664
run:run029107	share	V	0	201.556	904	9.66376e+07	4.00474	2.73958	1.84798	7.5188	0.941686	11.9476	1.08147	0	0.50374
run:run029107	share	V	1	597.592	903	9.67953e+07	4.15062	3.04339	2.0161	7.54235	1.37843	12.0301	1.32321	0	0.481473
run:run029107	share	V	2	1029.38	882	9.67196e+07	4.12626	3.01965	2.18471	9.03608	1.34469	12.6807	1.13916	0	0.474235
run:run029107	share	V	3	1297.88	815	9.67185e+07	4.14439	3.06848	2.28328	9.20976	1.55103	12.9738	1.10698	0	0.473937
run:run029107	share	V	4	1584.41	806	9.6795e+07	3.77335	3.00342	2.38399	9.19696	1.35115	10.901	0.878093	0	0.489177
run:run029107	share	V	5	1928.66	771	9.6763e+07	4.11299	3.27549	2.49961	9.82055	0.945143	12.4359	1.17064	0	0.460664
run:run029107	rms	W	0	202.444	1347	6.0907e+07	4.34195	1.36385	0.578793	16.2382	4.57861	17.3275	0.560241	0	0.611425
run:run029107	rms	W	1	549.415	1055	6.11348e+07	2.64119	1.48317	0.950869	5.0485	2.0757	5.68026	1.45519e-11	0	0.75324
run:run029107	rms	W	2	831.666	1222	6.11066e+07	3.38398	1.81416	1.16925	9.41722	2.77036	9.5273	0.211731	0	0.672575
run:run029107	rms	W	3	1151.94	1309	6.1012e+07	4.40367	2.21334	1.37568	16.2627	3.22832	16.3859	0.748798	0	0.538871
run:run029107	rms	W	4	1557.44	1232	6.10101e+07	4.05868	2.31998	1.59927	13.573	3.72506	13.6482	0.671536	0	0.557784
run:run029107	rms	W	5	1967.35	1277	6.11315e+07	3.70674	2.47001	1.79723	10.8098	2.73413	10.8691	0.681785	0	0.599434
run:run029107	share	W	0	202.444	1347	6.0907e+07	4.34195	1.36385	0.578793	5.01071	1.97896	17.3275	0.560241	0	0.611425
run:run029107	share	W	1	549.415	1055	6.11348e+07	2.64119	1.48317	0.950869	1.96772	0.455367	5.68026	1.45519e-11	0	0.75324
run:run029107	share	W	2	831.666	1222	6.11066e+07	3.38398	1.81416	1.16925	3.68806	0.824526	9.5273	0.211731	0	0.672575
run:run029107	share	W	3	1151.94	1309	6.1012e+07	4.40367	2.21334	1.37568	7.39436	1.86508	16.3859	0.748798	0	0.538871
run:run029107	share	W	4	1557.44	1232	6.10101e+07	4.05868	2.31998	1.59927	6.76305	2.54989	13.6482	0.671536	0	0.557784
run:run029107	share	W	5	1967.35	1277	6.11315e+07	3.70674	2.47001	1.79723	5.11328	0.995343	10.8691	0.681785	0	0.599434
length:L<100cm	rms	U	0	52.0313	63	6.43304e+06	4.9104	2.23866	1.0935	20.1525	9.82662	20.2962	1.03766	0	0.431301
length:L<100cm	rms	U	1	133.52	93	6.71381e+06	4.02876	1.99486	1.153	13.4238	3.78754	13.5809	0.690562	0	0.456729
length:L<100cm	rms	U	2	340.271	87	6.53326e+06	4.4351	2.44145	1.29172	15.3002	6.6289	15.378	1.13702	0	0.431396
length:L<100cm	rms	U	3	1491.13	75	6.61909e+06	3.40724	2.56404	1.88583	8.54231	1.19931	8.59133	0.7821	0	0.532753
length:L<100cm	rms	U	4	1718.11	100	6.55746e+06	3.2159	2.55623	1.98209	7.69133	1.23333	7.73637	0.630772	0	0.537073
length:L<100cm	rms	U	5	2169.33	89	6.66442e+06	4.35365	2.65464	2.16075	16.5384	3.58504	16.576	0.528173	0	0.452379
length:L<100cm	share	U	0	52.0313	63	6.43304e+06	4.9104	2.23866	1.0935	12.778	6.09127	20.2962	1.03766	0	0.431301
length:L<100cm	share	U	1	133.52	93	6.71381e+06	4.02876	1.99486	1.153	11.9239	4.21212	13.5809	0.690562	0	0.456729
length:L<100cm	share	U	2	340.271	87	6.53326e+06	4.4351	2.44145	1.29172	12.3165	5.46421	15.378	1.13702	0	0.431396
length:L<100cm	share	U	3	1491.13	75	6.61909e+06	3.40724	2.56404	1.88583	7.19979	1.49885	8.59133	0.7821	0	0.532753
length:L<100cm	share	U	4	1718.11	100	6.55746e+06	3.2159	2.55623	1.98209	7.41441	1.4826	7.73637	0.630772	0	0.537073
length:L<100cm	share	U	5	2169.33	89	6.66442e+06	4.35365	2.65464	2.16075	12.6191	2.00029	16.576	0.528173	0	0.452379
length:L<100cm	rms	V	0	57.5971	68	8.32458e+06	4.25418	2.56696	1.78295	14.6334	3.31316	14.6877	0.905864	0	0.495565
length:L<100cm	rms	V	1	132.209	78	8.34058e+06	3.60374	2.5324	1.81694	9.82198	3.05168	9.87518	0.814811	0	0.517519
length:L<100cm	rms	V	2	287.803	113	8.35407e+06	3.71902	2.63238	1.88587	10.4127	2.382	10.4582	0.890688	0	0.539722
length:L<100cm	rms	V	3	1016.18	80	8.32671e+06	3.53494	2.72358	2.17975	9.78823	0.683241	9.82916	0.654965	0	0.511122
length:L<100cm	rms	V	4	1487.34	74	8.23381e+06	3.60263	3.12822	2.35035	8.68254	2.75614	8.71732	1.1205	0	0.518639
length:L<100cm	rms	V	5	2017.52	111	8.50414e+06	3.37079	2.96288	2.5286	8.94391	1.18348	8.9774	0.529265	0	0.528048
length:L<100cm	share	V	0	57.5971	68	8.32458e+06	4.25418	2.56696	1.78295	8.71737	3.03085	14.6877	0.905864	0	0.495565
length:L<100cm	share	V	1	132.209	78	8.34058e+06	3.60374	2.5324	1.81694	7.84221	2.434	9.87518	0.814811	0	0.517519
length:L<100cm	share	V	2	287.803	113	8.35407e+06	3.71902	2.63238	1.88587	6.50797	3.07567	10.4582	0.890688	0	0.539722
length:L<100cm	share	V	3	1016.18	80	8.32671e+06	3.53494	2.72358	2.17975	8.63632	1.8753	9.82916	0.654965	0	0.511122
length:L<100cm	share	V	4	1487.34	74	8.23381e+06	3.60263	3.12822	2.35035	6.53826	2.71254	8.71732	1.1205	0	0.518639
length:L<100cm	share	V	5	2017.52	111	8.50414e+06	3.37079	2.96288	2.5286	8.05039	1.46306	8.9774	0.529265	0	0.528048
length:L<100cm	rms	W	1	63.2575	163	6.82173e+06	4.07554	1.24806	0.32663	13.2324	6.92336	15.159	0.827354	0	0.642412
length:L<100cm	rms	W	2	183.242	86	3.46402e+06	5.08148	1.11741	0.55091	23.5437	11.8438	24.8763	0.390142	0	0.533261
length:L<100cm	rms	W	3	522.457	92	3.41902e+06	3.95948	1.32372	0.927324	13.7638	7.73402	14.7852	1.45519e-11	0	0.655873
length:L<100cm	rms	W	4	1569.62	91	3.43695e+06	3.79617	2.75312	1.6055	9.35324	8.81801	9.40887	1.23339	0	0.578309
length:L<100cm	rms	W	5	1944.27	93	3.44359e+06	4.45638	2.39979	1.78667	17.2374	8.75957	17.2925	0.563269	0	0.599231
length:L<100cm	share	W	1	63.2575	163	6.82173e+06	4.07554	1.24806	0.32663	3.29078	2.9688	15.159	0.827354	0	0.642412
length:L<100cm	share	W	2	183.242	86	3.46402e+06	5.08148	1.11741	0.55091	8.43979	12.2908	24.8763	0.390142	0	0.533261
length:L<100cm	share	W	3	522.457	92	3.41902e+06	3.95948	1.32372	0.927324	4.1235	6.50448	14.7852	1.45519e-11	0	0.655873
length:L<100cm	share	W	4	1569.62	91	3.43695e+06	3.79617	2.75312	1.6055	3.4608	7.28444	9.40887	1.23339	0	0.578309
length:L<100cm	share	W	5	1944.27	93	3.44359e+06	4.45638	2.39979	1.78667	5.41782	5.08894	17.2925	0.563269	0	0.599231
length:L>=100cm	rms	U	0	224.075	967	1.05745e+08	4.20596	2.35272	1.21571	13.5263	1.44909	13.6328	1.08817	0	0.453996
length:L>=100cm	rms	U	1	536.358	901	1.05899e+08	4.27181	2.50643	1.41074	13.8924	1.58105	13.9564	1.1339	0	0.444614
length:L>=100cm	rms	U	2	804.178	886	1.05765e+08	4.31808	2.67358	1.55869	13.8765	1.22734	13.9273	1.22665	0	0.435067
length:L>=100cm	rms	U	3	1098.56	858	1.05896e+08	4.23319	2.75432	1.70657	13.2005	1.15629	13.2461	1.21623	0	0.435035
length:L>=100cm	rms	U	4	1481.86	859	1.05684e+08	4.60128	3.03326	1.88179	15.4712	1.87082	15.5123	1.41409	0	0.414791
length:L>=100cm	rms	U	5	1957.31	766	1.05983e+08	4.45199	3.12827	2.07871	14.3187	1.18742	14.3552	1.37579	0	0.418304
length:L>=100cm	share	U	0	224.075	967	1.05745e+08	4.20596	2.35272	1.21571	10.7044	0.862461	13.6328	1.08817	0	0.453996
length:L>=100cm	share	U	1	536.358	901	1.05899e+08	4.27181	2.50643	1.41074	11.224	1.24125	13.9564	1.1339	0	0.444614
length:L>=100cm	share	U	2	804.178	886	1.05765e+08	4.31808	2.67358	1.55869	11.5426	1.11863	13.9273	1.22665	0	0.435067
length:L>=100cm	share	U	3	1098.56	858	1.05896e+08	4.23319	2.75432	1.70657	11.5997	1.06368	13.2461	1.21623	0	0.435035
length:L>=100cm	share	U	4	1481.86	859	1.05684e+08	4.60128	3.03326	1.88179	12.3123	1.06053	15.5123	1.41409	0	0.414791
length:L>=100cm	share	U	5	1957.31	766	1.05983e+08	4.45199	3.12827	2.07871	12.2096	1.03353	14.3552	1.37579	0	0.418304
length:L>=100cm	rms	V	0	256.981	798	8.83127e+07	4.15103	2.7888	1.87242	12.9187	1.69605	12.9596	1.12412	0	0.490038
length:L>=100cm	rms	V	1	656.167	822	8.84267e+07	4.0824	3.07925	2.03979	11.3022	1.19838	11.345	1.34817	0	0.484099
length:L>=100cm	rms	V	2	1059.11	803	8.82478e+07	4.11687	3.05715	2.19584	12.3884	1.39823	12.4242	1.18059	0	0.476242
length:L>=100cm	rms	V	3	1318.31	742	8.85325e+07	4.18292	3.08369	2.29061	13.1993	2.08532	13.2345	1.12077	0	0.471905
length:L>=100cm	rms	V	4	1584.66	731	8.84041e+07	3.80304	3.00251	2.38407	11.0959	0.850417	11.1318	0.876353	0	0.483904
length:L>=100cm	rms	V	5	1917.66	661	8.84211e+07	4.17288	3.27984	2.496	12.8511	1.3177	12.8856	1.18094	0	0.455537
length:L>=100cm	share	V	0	256.981	798	8.83127e+07	4.15103	2.7888	1.87242	8.1103	1.04476	12.9596	1.12412	0	0.490038
length:L>=100cm	share	V	1	656.167	822	8.84267e+07	4.0824	3.07925	2.03979	7.2161	1.56237	11.345	1.34817	0	0.484099
length:L>=100cm	share	V	2	1059.11	803	8.82478e+07	4.11687	3.05715	2.19584	8.6903	1.30666	12.4242	1.18059	0	0.476242
length:L>=100cm	share	V	3	1318.31	742	8.85325e+07	4.18292	3.08369	2.29061	9.28181	1.50369	13.2345	1.12077	0	0.471905
length:L>=100cm	share	V	4	1584.66	731	8.84041e+07	3.80304	3.00251	2.38407	9.52629	1.08827	11.1318	0.876353	0	0.483904
length:L>=100cm	share	V	5	1917.66	661	8.84211e+07	4.17288	3.27984	2.496	10.1402	1.0717	12.8856	1.18094	0	0.455537
length:L>=100cm	rms	W	0	252.207	1229	5.75562e+07	4.18313	1.4341	0.645468	15.0027	4.32013	15.8585	0.50742	0	0.623941
length:L>=100cm	rms	W	1	584.976	962	5.75757e+07	2.61288	1.5026	0.981062	4.8983	1.79598	5.53184	1.45519e-11	0	0.75068
length:L>=100cm	rms	W	2	852.969	1178	5.766e+07	3.40997	1.83235	1.1841	9.55609	2.21577	9.67247	0.242742	0	0.672237
length:L>=100cm	rms	W	3	1158.65	1224	5.76775e+07	4.43882	2.22375	1.37968	16.5568	2.89438	16.6616	0.756703	0	0.534227
length:L>=100cm	rms	W	4	1557.59	1145	5.75959e+07	4.08242	2.28947	1.59934	13.9114	3.89377	13.9824	0.617219	0	0.553511
length:L>=100cm	rms	W	5	1967.82	1179	5.76514e+07	3.63389	2.47269	1.79745	10.2622	2.91046	10.3218	0.686068	0	0.604159
length:L>=100cm	share	W	0	252.207	1229	5.75562e+07	4.18313	1.4341	0.645468	4.70574	2.0297	15.8585	0.50742	0	0.623941
length:L>=100cm	share	W	1	584.976	962	5.75757e+07	2.61288	1.5026	0.981062	2.01349	0.406599	5.53184	1.45519e-11	0	0.75068
length:L>=100cm	share	W	2	852.969	1178	5.766e+07	3.40997	1.83235	1.1841	3.68206	0.657264	9.67247	0.242742	0	0.672237
length:L>=100cm	share	W	3	1158.65	1224	5.76775e+07	4.43882	2.22375	1.37968	7.60187	1.78359	16.6616	0.756703	0	0.534227
length:L>=100cm	share	W	4	1557.59	1145	5.75959e+07	4.08242	2.28947	1.59934	7.0847	2.51251	13.9824	0.617219	0	0.553511
length:L>=100cm	share	W	5	1967.82	1179	5.76514e+07	3.63389	2.47269	1.79745	4.9356	1.05645	10.3218	0.686068	0	0.604159
rr:rr<10cm	rms	U	0	50.3077	61	4.85713e+06	4.98135	2.18315	1.0922	21.0932	12.5464	21.2406	0.975985	0	0.436635
rr:rr<10cm	rms	U	1	177.214	48	4.83505e+06	4.6185	2.05437	1.18367	18.384	5.94347	18.5112	0.740692	0	0.445855
rr:rr<10cm	rms	U	2	569.915	50	4.88269e+06	4.25741	2.54684	1.43012	13.6222	2.87317	13.6844	1.16829	0	0.397137
rr:rr<10cm	rms	U	3	1268.71	57	4.8702e+06	3.72966	2.42048	1.78648	11.188	2.90322	11.2432	0.66039	0	0.525721
rr:rr<10cm	rms	U	4	1746.1	43	4.8204e+06	4.24182	3.15596	1.99364	11.9682	1.63686	12.0075	1.47352	0	0.421783
rr:rr<10cm	rms	U	5	2079.34	58	4.95836e+06	3.97865	2.86431	2.12631	12.1084	2.09324	12.1466	0.976158	0	0.458862
rr:rr<10cm	share	U	0	50.3077	61	4.85713e+06	4.98135	2.18315	1.0922	12.575	6.8464	21.2406	0.975985	0	0.436635
rr:rr<10cm	share	U	1	177.214	48	4.83505e+06	4.6185	2.05437	1.18367	12.6242	2.47394	18.5112	0.740692	0	0.445855
rr:rr<10cm	share	U	2	569.915	50	4.88269e+06	4.25741	2.54684	1.43012	15.5615	8.01361	13.6844	1.16829	0	0.397137
rr:rr<10cm	share	U	3	1268.71	57	4.8702e+06	3.72966	2.42048	1.78648	7.88236	1.55441	11.2432	0.66039	0	0.525721
rr:rr<10cm	share	U	4	1746.1	43	4.8204e+06	4.24182	3.15596	1.99364	11.2412	1.50151	12.0075	1.47352	0	0.421783
rr:rr<10cm	share	U	5	2079.34	58	4.95836e+06	3.97865	2.86431	2.12631	10.8337	1.19405	12.1466	0.976158	0	0.458862
rr:rr<10cm	rms	V	0	50	51	4.43769e+06	4.11204	2.36352	1.77945	14.4383	3.91493	14.4891	0.555342	0	0.525564
rr:rr<10cm	rms	V	1	225.673	57	4.17084e+06	3.54568	2.70902	1.85865	8.64119	2.34591	8.68763	1.03066	0	0.553746
rr:rr<10cm	rms	V	2	845.576	61	4.93006e+06	4.60814	3.01651	2.11458	16.5711	4.56868	16.607	1.20452	0	0.468883
rr:rr<10cm	rms	V	3	1542.3	51	4.66032e+06	3.75002	2.65598	2.36945	12.2457	1.66876	12.6227	1.45519e-11	0	0.490726
rr:rr<10cm	rms	V	4	1763.81	30	4.3571e+06	3.49114	3.25742	2.44493	7.52167	1.73836	7.55494	1.20503	0	0.519733
rr:rr<10cm	rms	V	5	1999.54	58	4.80641e+06	4.0295	3.14431	2.52277	12.6806	2.58788	12.7145	0.930687	0	0.46568
rr:rr<10cm	share	V	0	50	51	4.43769e+06	4.11204	2.36352	1.77945	8.12602	5.32363	14.4891	0.555342	0	0.525564
rr:rr<10cm	share	V	1	225.673	57	4.17084e+06	3.54568	2.70902	1.85865	5.33337	2.27513	8.68763	1.03066	0	0.553746
rr:rr<10cm	share	V	2	845.576	61	4.93006e+06	4.60814	3.01651	2.11458	9.0584	1.5537	16.607	1.20452	0	0.468883
rr:rr<10cm	share	V	3	1542.3	51	4.66032e+06	3.75002	2.65598	2.36945	10.4206	1.05103	12.6227	1.45519e-11	0	0.490726
rr:rr<10cm	share	V	4	1763.81	30	4.3571e+06	3.49114	3.25742	2.44493	6.03507	2.66891	7.55494	1.20503	0	0.519733
rr:rr<10cm	share	V	5	1999.54	58	4.80641e+06	4.0295	3.14431	2.52277	10.5267	1.98457	12.7145	0.930687	0	0.46568
rr:rr<10cm	rms	W	1	73.885	102	4.15504e+06	4.36659	1.24601	0.352307	15.7643	7.33536	17.6386	0.805921	0	0.633483
rr:rr<10cm	rms	W	2	337.07	38	2.10745e+06	4.53017	1.31472	0.745542	18.5115	5.01191	19.3497	0.184128	0	0.60722
rr:rr<10cm	rms	W	3	1161.73	64	2.08638e+06	3.0364	2.21808	1.3815	6.10704	2.71642	6.20841	0.744048	0	0.679567
rr:rr<10cm	rms	W	4	1685.05	53	2.07669e+06	3.54568	2.31021	1.66342	9.93878	6.30898	10.0018	0.567698	0	0.659557
rr:rr<10cm	rms	W	5	1977.14	50	2.11665e+06	4.48115	2.65585	1.80169	16.219	2.63547	16.2733	0.96202	0	0.484492
rr:rr<10cm	share	W	1	73.885	102	4.15504e+06	4.36659	1.24601	0.352307	3.62576	3.49458	17.6386	0.805921	0	0.633483
rr:rr<10cm	share	W	2	337.07	38	2.10745e+06	4.53017	1.31472	0.745542	5.60543	6.37496	19.3497	0.184128	0	0.60722
rr:rr<10cm	share	W	3	1161.73	64	2.08638e+06	3.0364	2.21808	1.3815	2.58319	0.919379	6.20841	0.744048	0	0.679567
rr:rr<10cm	share	W	4	1685.05	53	2.07669e+06	3.54568	2.31021	1.66342	3.56527	1.58523	10.0018	0.567698	0	0.659557
rr:rr<10cm	share	W	5	1977.14	50	2.11665e+06	4.48115	2.65585	1.80169	9.66217	3.8813	16.2733	0.96202	0	0.484492
rr:rr>30cm	rms	U	0	259.565	903	9.81896e+07	4.22549	2.39837	1.23942	13.5486	1.37386	13.6387	1.12271	0	0.44958
rr:rr>30cm	rms	U	1	556.719	820	9.82553e+07	4.36636	2.50192	1.42253	14.7633	2.4152	14.8292	1.12174	0	0.438511
rr:rr>30cm	rms	U	2	827.117	816	9.83381e+07	4.20544	2.70244	1.57071	12.8023	0.826966	12.8496	1.25189	0	0.442164
rr:rr>30cm	rms	U	3	1112.06	824	9.82061e+07	4.20317	2.74407	1.71305	13.0295	1.39234	13.0713	1.19703	0	0.434956
rr:rr>30cm	rms	U	4	1491.3	795	9.83801e+07	4.6121	3.01637	1.8859	15.6931	2.06299	15.7296	1.39006	0	0.415934
rr:rr>30cm	rms	U	5	1960.19	748	9.82984e+07	4.43619	3.11576	2.07985	14.2609	1.27577	14.2976	1.36029	0	0.422367
rr:rr>30cm	share	U	0	259.565	903	9.81896e+07	4.22549	2.39837	1.23942	10.886	0.941516	13.6387	1.12271	0	0.44958
rr:rr>30cm	share	U	1	556.719	820	9.82553e+07	4.36636	2.50192	1.42253	11.7811	1.84708	14.8292	1.12174	0	0.438511
rr:rr>30cm	share	U	2	827.117	816	9.83381e+07	4.20544	2.70244	1.57071	10.8186	0.835605	12.8496	1.25189	0	0.442164
rr:rr>30cm	share	U	3	1112.06	824	9.82061e+07	4.20317	2.74407	1.71305	11.6953	1.24779	13.0713	1.19703	0	0.434956
rr:rr>30cm	share	U	4	1491.3	795	9.83801e+07	4.6121	3.01637	1.8859	12.3444	1.37403	15.7296	1.39006	0	0.415934
rr:rr>30cm	share	U	5	1960.19	748	9.82984e+07	4.43619	3.11576	2.07985	11.9233	1.23947	14.2976	1.36029	0	0.422367
rr:rr>30cm	rms	V	0	245.689	744	8.4159e+07	4.06274	2.80409	1.86747	12.0872	1.70397	12.1304	1.1478	0	0.493969
rr:rr>30cm	rms	V	1	626.508	775	8.42615e+07	4.04978	3.05021	2.02783	11.1722	1.20766	11.209	1.32221	0	0.484249
rr:rr>30cm	rms	V	2	1033.41	759	8.40881e+07	4.16636	3.03414	2.18622	12.896	1.64373	12.9321	1.1594	0	0.470116
rr:rr>30cm	rms	V	3	1282.11	706	8.4296e+07	4.15981	3.07732	2.27761	12.9875	1.99662	13.0217	1.12506	0	0.478316
rr:rr>30cm	rms	V	4	1554.51	684	8.41092e+07	3.88681	3.04733	2.37368	11.4209	1.0526	11.4554	0.967174	0	0.47649
rr:rr>30cm	rms	V	5	1920.59	657	8.4349e+07	4.16969	3.2865	2.49697	12.784	1.3158	12.8201	1.18962	0	0.456644
rr:rr>30cm	share	V	0	245.689	744	8.4159e+07	4.06274	2.80409	1.86747	7.75612	1.27173	12.1304	1.1478	0	0.493969
rr:rr>30cm	share	V	1	626.508	775	8.42615e+07	4.04978	3.05021	2.02783	7.37133	1.62023	11.209	1.32221	0	0.484249
rr:rr>30cm	share	V	2	1033.41	759	8.40881e+07	4.16636	3.03414	2.18622	9.21782	1.40774	12.9321	1.1594	0	0.470116
rr:rr>30cm	share	V	3	1282.11	706	8.4296e+07	4.15981	3.07732	2.27761	8.83817	1.72888	13.0217	1.12506	0	0.478316
rr:rr>30cm	share	V	4	1554.51	684	8.41092e+07	3.88681	3.04733	2.37368	9.65987	1.20819	11.4554	0.967174	0	0.47649
rr:rr>30cm	share	V	5	1920.59	657	8.4349e+07	4.16969	3.2865	2.49697	10.0078	0.972985	12.8201	1.18962	0	0.456644
rr:rr>30cm	rms	W	0	257.539	1160	5.49239e+07	4.2397	1.44324	0.652208	15.4834	4.70181	16.3175	0.505586	0	0.61838
rr:rr>30cm	rms	W	1	580.628	901	5.49522e+07	2.53554	1.48401	0.977421	4.49554	1.82789	5.18201	1.45519e-11	0	0.758137
rr:rr>30cm	rms	W	2	845.826	1120	5.49697e+07	3.26732	1.8089	1.17914	8.69257	2.27217	8.79362	0.154326	0	0.685094
rr:rr>30cm	rms	W	3	1142.63	1196	5.49797e+07	4.41487	2.18195	1.37012	16.4996	3.8103	16.6074	0.704972	0	0.538623
rr:rr>30cm	rms	W	4	1532.07	1062	5.4936e+07	4.17938	2.34625	1.5862	14.4017	3.5268	14.4784	0.728798	0	0.543157
rr:rr>30cm	rms	W	5	1960.94	1140	5.50394e+07	3.73228	2.44988	1.7943	11.0875	3.36481	11.1475	0.651692	0	0.599794
rr:rr>30cm	share	W	0	257.539	1160	5.49239e+07	4.2397	1.44324	0.652208	4.88406	2.12687	16.3175	0.505586	0	0.61838
rr:rr>30cm	share	W	1	580.628	901	5.49522e+07	2.53554	1.48401	0.977421	1.88167	0.457294	5.18201	1.45519e-11	0	0.758137
rr:rr>30cm	share	W	2	845.826	1120	5.49697e+07	3.26732	1.8089	1.17914	3.41114	0.62228	8.79362	0.154326	0	0.685094
rr:rr>30cm	share	W	3	1142.63	1196	5.49797e+07	4.41487	2.18195	1.37012	7.5335	2.2527	16.6074	0.704972	0	0.538623
rr:rr>30cm	share	W	4	1532.07	1062	5.4936e+07	4.17938	2.34625	1.5862	7.25464	2.39787	14.4784	0.728798	0	0.543157
rr:rr>30cm	share	W	5	1960.94	1140	5.50394e+07	3.73228	2.44988	1.7943	5.19211	1.19888	11.1475	0.651692	0	0.599794
foff:foff<0.15	rms	W	4	50.0578	21	1.18379e+06	2.02964	1.19488	0.291608	0.625876	0.0312938	2.77671	0.883061	0	0.797561
foff:foff<0.15	rms	W	5	441.345	9	312010	1.77723	1.09532	0.852572	1.25121	0.362213	2.68571	1.45519e-11	0	0.835765
foff:foff<0.15	share	W	4	50.0578	21	1.18379e+06	2.02964	1.19488	0.291608	0.00918531	0.000459265	2.77671	0.883061	0	0.797561
foff:foff<0.15	share	W	5	441.345	9	312010	1.77723	1.09532	0.852572	0.774587	0.291914	2.68571	1.45519e-11	0	0.835765
foff:foff>=0.15	rms	U	0	194.025	1070	1.12026e+08	4.25134	2.27743	1.19526	14.2009	1.47057	14.3159	1.01649	0	0.452249
foff:foff>=0.15	rms	U	1	511.076	971	1.12195e+08	4.26269	2.54441	1.39597	13.5782	1.27881	13.6452	1.18748	0	0.444229
foff:foff>=0.15	rms	U	2	795.723	949	1.12237e+08	4.31936	2.65778	1.55423	13.9562	1.22923	14.0087	1.21229	0	0.436406
foff:foff>=0.15	rms	U	3	1105.1	929	1.12144e+08	4.22289	2.75565	1.70972	13.1165	1.26712	13.1624	1.21559	0	0.435622
foff:foff>=0.15	rms	U	4	1507.19	928	1.12165e+08	4.54778	2.99065	1.8928	15.2807	1.64206	15.3211	1.35703	0	0.422955
foff:foff>=0.15	rms	U	5	1972.97	889	1.1221e+08	4.4114	3.11052	2.08488	14.0931	1.21	14.1319	1.34887	0	0.42264
foff:foff>=0.15	share	U	0	194.025	1070	1.12026e+08	4.25134	2.27743	1.19526	11.1589	0.973994	14.3159	1.01649	0	0.452249
foff:foff>=0.15	share	U	1	511.076	971	1.12195e+08	4.26269	2.54441	1.39597	10.9805	1.08393	13.6452	1.18748	0	0.444229
foff:foff>=0.15	share	U	2	795.723	949	1.12237e+08	4.31936	2.65778	1.55423	11.5029	0.949483	14.0087	1.21229	0	0.436406
foff:foff>=0.15	share	U	3	1105.1	929	1.12144e+08	4.22289	2.75565	1.70972	11.5528	1.1934	13.1624	1.21559	0	0.435622
foff:foff>=0.15	share	U	4	1507.19	928	1.12165e+08	4.54778	2.99065	1.8928	11.8889	1.10122	15.3211	1.35703	0	0.422955
foff:foff>=0.15	share	U	5	1972.97	889	1.1221e+08	4.4114	3.11052	2.08488	11.9597	1.07315	14.1319	1.34887	0	0.42264
foff:foff>=0.15	rms	V	0	202.066	902	9.63027e+07	4.00657	2.73713	1.84821	11.9324	1.33939	11.9766	1.078	0	0.503566
foff:foff>=0.15	rms	V	1	597.924	905	9.69149e+07	4.15003	3.04306	2.01624	11.9914	1.23001	12.0277	1.32277	0	0.481463
foff:foff>=0.15	rms	V	2	1029.58	880	9.65999e+07	4.12683	3.01995	2.18478	12.6496	1.50937	12.6839	1.1395	0	0.474236
foff:foff>=0.15	rms	V	3	1297.55	814	9.64941e+07	4.14197	3.06389	2.28317	12.9506	1.85326	12.9814	1.09775	0	0.474252
foff:foff>=0.15	rms	V	4	1584.63	802	9.66724e+07	3.78093	3.00803	2.38406	10.8937	0.878007	10.9309	0.886047	0	0.48848
foff:foff>=0.15	rms	V	5	1928.76	770	9.67141e+07	4.1135	3.27572	2.49965	12.4053	1.21556	12.4388	1.17094	0	0.460617
foff:foff>=0.15	share	V	0	202.066	902	9.63027e+07	4.00657	2.73713	1.84821	7.54647	0.941756	11.9766	1.078	0	0.503566
foff:foff>=0.15	share	V	1	597.924	905	9.69149e+07	4.15003	3.04306	2.01624	7.54566	1.43738	12.0277	1.32277	0	0.481463
foff:foff>=0.15	share	V	2	1029.58	880	9.65999e+07	4.12683	3.01995	2.18478	9.03429	1.11416	12.6839	1.1395	0	0.474236
foff:foff>=0.15	share	V	3	1297.55	814	9.64941e+07	4.14197	3.06389	2.28317	9.22235	1.32777	12.9814	1.09775	0	0.474252
foff:foff>=0.15	share	V	4	1584.63	802	9.66724e+07	3.78093	3.00803	2.38406	9.20653	0.99031	10.9309	0.886047	0	0.48848
foff:foff>=0.15	share	V	5	1928.76	770	9.67141e+07	4.1135	3.27572	2.49965	9.82227	1.19992	12.4388	1.17094	0	0.460617
foff:foff>=0.15	rms	W	0	210.062	1339	6.07885e+07	4.38158	1.37783	0.589489	16.6093	3.56208	17.6474	0.55	0	0.6067
foff:foff>=0.15	rms	W	1	554.689	1050	6.0749e+07	2.62386	1.48909	0.955407	4.95634	2.23003	5.58005	1.45519e-11	0	0.75328
foff:foff>=0.15	rms	W	2	835.58	1224	6.0843e+07	3.38292	1.81146	1.17199	9.43061	3.43394	9.53631	0.186146	0	0.672817
foff:foff>=0.15	rms	W	3	1154.94	1304	6.08123e+07	4.4103	2.21616	1.37747	16.3269	3.52705	16.4368	0.74701	0	0.53873
foff:foff>=0.15	rms	W	4	1560.35	1224	6.08059e+07	4.04971	2.32078	1.60076	13.5017	3.20264	13.5765	0.671076	0	0.558163
foff:foff>=0.15	rms	W	5	1968.39	1271	6.08074e+07	3.70587	2.47039	1.79771	10.803	3.1423	10.8624	0.681888	0	0.599546
foff:foff>=0.15	share	W	0	210.062	1339	6.07885e+07	4.38158	1.37783	0.589489	5.19228	1.51237	17.6474	0.55	0	0.6067
foff:foff>=0.15	share	W	1	554.689	1050	6.0749e+07	2.62386	1.48909	0.955407	1.96701	0.5618	5.58005	1.45519e-11	0	0.75328
foff:foff>=0.15	share	W	2	835.58	1224	6.0843e+07	3.38292	1.81146	1.17199	3.69036	1.28835	9.53631	0.186146	0	0.672817
foff:foff>=0.15	share	W	3	1154.94	1304	6.08123e+07	4.4103	2.21616	1.37747	7.40694	2.1015	16.4368	0.74701	0	0.53873
foff:foff>=0.15	share	W	4	1560.35	1224	6.08059e+07	4.04971	2.32078	1.60076	6.74818	1.91537	13.5765	0.671076	0	0.558163
foff:foff>=0.15	share	W	5	1968.39	1271	6.08074e+07	3.70587	2.47039	1.79771	5.10902	1.15568	10.8624	0.681888	0	0.599546
advance:adv<0.10	rms	U	0	223.698	144	1.64287e+07	4.84978	2.18443	1.21545	20.0939	4.06395	20.226	0.892955	0	0.418502
advance:adv<0.10	rms	U	1	582.588	144	1.63551e+07	4.41866	2.10514	1.43737	17.082	3.45357	17.159	0.539819	0	0.444985
advance:adv<0.10	rms	U	2	840.88	148	1.6594e+07	4.04584	2.52307	1.57788	12.4347	1.30237	12.4927	1.03151	0	0.458837
advance:adv<0.10	rms	U	3	1183.42	185	1.63462e+07	4.40676	2.57463	1.74688	15.7895	2.09953	15.8424	0.952475	0	0.42563
advance:adv<0.10	rms	U	4	1614.23	174	1.62547e+07	3.74517	2.52504	1.93863	11.3637	1.98926	11.4087	0.635163	0	0.489315
advance:adv<0.10	rms	U	5	2030.33	154	1.68046e+07	4.18096	2.80315	2.10733	14.0235	1.183	14.0636	0.903726	0	0.443197
advance:adv<0.10	share	U	0	223.698	144	1.64287e+07	4.84978	2.18443	1.21545	14.5043	1.93857	20.226	0.892955	0	0.418502
advance:adv<0.10	share	U	1	582.588	144	1.63551e+07	4.41866	2.10514	1.43737	13.1699	1.95512	17.159	0.539819	0	0.444985
advance:adv<0.10	share	U	2	840.88	148	1.6594e+07	4.04584	2.52307	1.57788	10.6057	1.09058	12.4927	1.03151	0	0.458837
advance:adv<0.10	share	U	3	1183.42	185	1.63462e+07	4.40676	2.57463	1.74688	13.6374	1.77281	15.8424	0.952475	0	0.42563
advance:adv<0.10	share	U	4	1614.23	174	1.62547e+07	3.74517	2.52504	1.93863	9.90464	1.38899	11.4087	0.635163	0	0.489315
advance:adv<0.10	share	U	5	2030.33	154	1.68046e+07	4.18096	2.80315	2.10733	12.306	1.23003	14.0636	0.903726	0	0.443197
advance:adv<0.10	rms	V	0	179.42	140	1.48099e+07	4.37205	2.65592	1.83813	15.393	3.25527	15.4396	0.976316	0	0.483623
advance:adv<0.10	rms	V	1	719.622	184	1.48062e+07	4.50021	3.00982	2.06515	15.4236	3.43404	15.4578	1.23883	0	0.469817
advance:adv<0.10	rms	V	2	1168.93	149	1.4913e+07	4.52989	2.85134	2.23648	17.3517	3.60351	17.3916	0.815752	0	0.454187
advance:adv<0.10	rms	V	3	1434.91	134	1.4962e+07	4.10767	2.83873	2.33199	14.2152	1.8945	14.2527	0.63333	0	0.445535
advance:adv<0.10	rms	V	4	1620.03	143	1.48404e+07	3.75668	2.85636	2.39621	11.6613	1.20286	11.6957	0.543581	0	0.489946
advance:adv<0.10	rms	V	5	1956.33	145	1.49273e+07	4.48692	3.02701	2.50868	17.2282	3.83256	17.2631	0.726697	0	0.454878
advance:adv<0.10	share	V	0	179.42	140	1.48099e+07	4.37205	2.65592	1.83813	9.16477	2.40654	15.4396	0.976316	0	0.483623
advance:adv<0.10	share	V	1	719.622	184	1.48062e+07	4.50021	3.00982	2.06515	8.81056	1.94732	15.4578	1.23883	0	0.469817
advance:adv<0.10	share	V	2	1168.93	149	1.4913e+07	4.52989	2.85134	2.23648	11.756	2.16707	17.3916	0.815752	0	0.454187
advance:adv<0.10	share	V	3	1434.91	134	1.4962e+07	4.10767	2.83873	2.33199	12.9276	1.37774	14.2527	0.63333	0	0.445535
advance:adv<0.10	share	V	4	1620.03	143	1.48404e+07	3.75668	2.85636	2.39621	10.0628	1.19026	11.6957	0.543581	0	0.489946
advance:adv<0.10	share	V	5	1956.33	145	1.49273e+07	4.48692	3.02701	2.50868	11.9718	1.97902	17.2631	0.726697	0	0.454878
advance:adv<0.10	rms	W	0	216.527	319	1.40071e+07	4.35117	0.620756	0.598416	16.9869	6.1963	18.9055	0.100487	0	0.648207
advance:adv<0.10	rms	W	1	514.256	243	1.40445e+07	1.9256	0.56438	0.920043	1.74948	2.22848	4.23588	1.45519e-11	0	0.878817
advance:adv<0.10	rms	W	2	727.065	233	1.40156e+07	2.70387	0.747099	1.09342	5.38635	4.0744	7.94833	1.45519e-11	0	0.794991
advance:adv<0.10	rms	W	3	1030.29	308	1.39712e+07	4.14892	1.62451	1.30113	15.2999	5.83329	16.2674	1.45519e-11	0	0.600239
advance:adv<0.10	rms	W	4	1462.81	313	1.40551e+07	4.52817	1.97275	1.54998	18.5908	2.96858	19.0151	1.45519e-11	0	0.499972
advance:adv<0.10	rms	W	5	1869.59	282	1.40942e+07	4.23478	2.06883	1.75205	16.0197	8.14239	16.723	1.45519e-11	0	0.614656
advance:adv<0.10	share	W	0	216.527	319	1.40071e+07	4.35117	0.620756	0.598416	4.3589	2.99678	18.9055	0.100487	0	0.648207
advance:adv<0.10	share	W	1	514.256	243	1.40445e+07	1.9256	0.56438	0.920043	0.367406	0.344215	4.23588	1.45519e-11	0	0.878817
advance:adv<0.10	share	W	2	727.065	233	1.40156e+07	2.70387	0.747099	1.09342	1.29613	1.43112	7.94833	1.45519e-11	0	0.794991
advance:adv<0.10	share	W	3	1030.29	308	1.39712e+07	4.14892	1.62451	1.30113	5.83568	4.19586	16.2674	1.45519e-11	0	0.600239
advance:adv<0.10	share	W	4	1462.81	313	1.40551e+07	4.52817	1.97275	1.54998	10.4114	3.34478	19.0151	1.45519e-11	0	0.499972
advance:adv<0.10	share	W	5	1869.59	282	1.40942e+07	4.23478	2.06883	1.75205	5.34922	5.16412	16.723	1.45519e-11	0	0.614656
advance:adv0.10-0.25	rms	U	0	190.895	410	4.04086e+07	4.08223	2.17055	1.19311	13.2548	1.45963	13.3768	0.888313	0	0.465201
advance:adv0.10-0.25	rms	U	1	481.75	373	4.04052e+07	4.15584	2.48042	1.37863	12.9504	0.88818	13.0191	1.12596	0	0.449503
advance:adv0.10-0.25	rms	U	2	772.076	358	4.0566e+07	4.37717	2.50111	1.54171	15.223	1.89258	15.2809	1.03212	0	0.431658
advance:adv0.10-0.25	rms	U	3	1080.46	356	4.04588e+07	4.19787	2.66184	1.69786	13.3721	1.24661	13.4195	1.10999	0	0.439219
advance:adv0.10-0.25	rms	U	4	1508.8	328	4.05128e+07	4.34245	2.99645	1.8935	13.4227	1.23288	13.4635	1.36318	0	0.435018
advance:adv0.10-0.25	rms	U	5	1983.63	312	4.05221e+07	4.6767	3.14642	2.08907	16.2962	1.68863	16.3358	1.38952	0	0.408341
advance:adv0.10-0.25	share	U	0	190.895	410	4.04086e+07	4.08223	2.17055	1.19311	10.709	1.06958	13.3768	0.888313	0	0.465201
advance:adv0.10-0.25	share	U	1	481.75	373	4.04052e+07	4.15584	2.48042	1.37863	10.8766	0.850957	13.0191	1.12596	0	0.449503
advance:adv0.10-0.25	share	U	2	772.076	358	4.0566e+07	4.37717	2.50111	1.54171	12.7707	1.36345	15.2809	1.03212	0	0.431658
advance:adv0.10-0.25	share	U	3	1080.46	356	4.04588e+07	4.19787	2.66184	1.69786	11.7759	1.09971	13.4195	1.10999	0	0.439219
advance:adv0.10-0.25	share	U	4	1508.8	328	4.05128e+07	4.34245	2.99645	1.8935	10.7648	1.0325	13.4635	1.36318	0	0.435018
advance:adv0.10-0.25	share	U	5	1983.63	312	4.05221e+07	4.6767	3.14642	2.08907	13.1162	1.30783	16.3358	1.38952	0	0.408341
advance:adv0.10-0.25	rms	V	0	213.134	290	3.27647e+07	4.20276	2.72714	1.85311	13.6163	1.6024	13.6599	1.06073	0	0.495508
advance:adv0.10-0.25	rms	V	1	757.147	336	3.27266e+07	4.19518	3.25769	2.08	11.2746	1.29509	11.3134	1.52671	0	0.468077
advance:adv0.10-0.25	rms	V	2	1110.51	284	3.284e+07	4.33172	2.95207	2.21495	14.9192	2.22802	14.9551	1.00947	0	0.468351
advance:adv0.10-0.25	rms	V	3	1363.63	288	3.27313e+07	3.8376	3.06029	2.30678	10.6479	1.21319	10.683	1.06839	0	0.492358
advance:adv0.10-0.25	rms	V	4	1624.13	257	3.27746e+07	3.75287	2.96805	2.39761	10.9881	1.01081	11.0233	0.791082	0	0.485385
advance:adv0.10-0.25	rms	V	5	1932.55	266	3.29087e+07	3.87726	3.1872	2.50089	11.0944	1.07591	11.1293	1.03263	0	0.465663
advance:adv0.10-0.25	share	V	0	213.134	290	3.27647e+07	4.20276	2.72714	1.85311	8.09151	1.06067	13.6599	1.06073	0	0.495508
advance:adv0.10-0.25	share	V	1	757.147	336	3.27266e+07	4.19518	3.25769	2.08	7.04478	1.18762	11.3134	1.52671	0	0.468077
advance:adv0.10-0.25	share	V	2	1110.51	284	3.284e+07	4.33172	2.95207	2.21495	10.0246	1.76394	14.9551	1.00947	0	0.468351
advance:adv0.10-0.25	share	V	3	1363.63	288	3.27313e+07	3.8376	3.06029	2.30678	8.23906	1.35779	10.683	1.06839	0	0.492358
advance:adv0.10-0.25	share	V	4	1624.13	257	3.27746e+07	3.75287	2.96805	2.39761	9.70962	1.25568	11.0233	0.791082	0	0.485385
advance:adv0.10-0.25	share	V	5	1932.55	266	3.29087e+07	3.87726	3.1872	2.50089	10.1141	1.26874	11.1293	1.03263	0	0.465663
advance:adv0.10-0.25	rms	W	0	183.76	393	1.89802e+07	4.68056	1.0814	0.551681	19.6376	4.41183	21.0425	0.385998	0	0.594801
advance:adv0.10-0.25	rms	W	1	534.729	386	1.88925e+07	2.78471	1.43929	0.938115	5.83295	1.38312	6.56314	1.45519e-11	0	0.726693
advance:adv0.10-0.25	rms	W	2	845.055	397	1.9047e+07	3.32246	1.69475	1.1786	9.12438	2.429	9.55564	1.45519e-11	0	0.678934
advance:adv0.10-0.25	rms	W	3	1157.48	431	1.8988e+07	4.3066	2.08827	1.37898	15.996	4.83362	16.0876	0.530815	0	0.551475
advance:adv0.10-0.25	rms	W	4	1542.02	401	1.89911e+07	3.99655	2.22118	1.59134	13.51	3.11639	13.5712	0.488883	0	0.554905
advance:adv0.10-0.25	rms	W	5	1966.12	384	1.90044e+07	3.86563	2.3445	1.79667	12.6314	3.1889	12.6744	0.41254	0	0.612779
advance:adv0.10-0.25	share	W	0	183.76	393	1.89802e+07	4.68056	1.0814	0.551681	5.86723	2.1755	21.0425	0.385998	0	0.594801
advance:adv0.10-0.25	share	W	1	534.729	386	1.88925e+07	2.78471	1.43929	0.938115	2.4689	0.451051	6.56314	1.45519e-11	0	0.726693
advance:adv0.10-0.25	share	W	2	845.055	397	1.9047e+07	3.32246	1.69475	1.1786	3.52892	0.854336	9.55564	1.45519e-11	0	0.678934
advance:adv0.10-0.25	share	W	3	1157.48	431	1.8988e+07	4.3066	2.08827	1.37898	7.36545	3.47418	16.0876	0.530815	0	0.551475
advance:adv0.10-0.25	share	W	4	1542.02	401	1.89911e+07	3.99655	2.22118	1.59134	7.28525	2.40303	13.5712	0.488883	0	0.554905
advance:adv0.10-0.25	share	W	5	1966.12	384	1.90044e+07	3.86563	2.3445	1.79667	5.21898	1.17033	12.6744	0.41254	0	0.612779
advance:adv0.25-0.5	rms	U	0	195.633	625	6.79431e+07	4.12355	2.39915	1.19637	12.5862	1.33692	12.679	1.14754	0	0.45484
advance:adv0.25-0.5	rms	U	1	536.821	544	6.78544e+07	4.44527	2.7015	1.41101	14.4033	2.62249	14.4533	1.34691	0	0.431646
advance:adv0.25-0.5	rms	U	2	836.682	538	6.80032e+07	4.25595	2.85745	1.5757	12.3826	0.807805	12.4309	1.41954	0	0.43681
advance:adv0.25-0.5	rms	U	3	1146.95	480	6.80249e+07	4.36412	2.87318	1.72968	13.7375	1.43368	13.7821	1.33754	0	0.422976
advance:adv0.25-0.5	rms	U	4	1511.31	527	6.8014e+07	4.66566	3.21042	1.89458	15.0054	2.72279	15.051	1.60211	0	0.405607
advance:adv0.25-0.5	rms	U	5	1951.33	493	6.80245e+07	4.32617	3.17913	2.07635	12.8826	1.08655	12.9201	1.43804	0	0.422968
advance:adv0.25-0.5	share	U	0	195.633	625	6.79431e+07	4.12355	2.39915	1.19637	10.3627	0.811226	12.679	1.14754	0	0.45484
advance:adv0.25-0.5	share	U	1	536.821	544	6.78544e+07	4.44527	2.7015	1.41101	11.1526	1.81131	14.4533	1.34691	0	0.431646
advance:adv0.25-0.5	share	U	2	836.682	538	6.80032e+07	4.25595	2.85745	1.5757	10.246	0.999473	12.4309	1.41954	0	0.43681
advance:adv0.25-0.5	share	U	3	1146.95	480	6.80249e+07	4.36412	2.87318	1.72968	11.9977	0.921646	13.7821	1.33754	0	0.422976
advance:adv0.25-0.5	share	U	4	1511.31	527	6.8014e+07	4.66566	3.21042	1.89458	11.9423	1.64303	15.051	1.60211	0	0.405607
advance:adv0.25-0.5	share	U	5	1951.33	493	6.80245e+07	4.32617	3.17913	2.07635	11.3668	1.06838	12.9201	1.43804	0	0.422968
advance:adv0.25-0.5	rms	V	0	198.585	594	6.29317e+07	3.92654	2.78421	1.84666	11.0327	1.58264	11.076	1.14035	0	0.501408
advance:adv0.25-0.5	rms	V	1	502.479	458	6.30226e+07	3.87709	2.78942	1.97703	11.1179	1.23471	11.1596	1.02659	0	0.507954
advance:adv0.25-0.5	rms	V	2	900.031	608	6.32329e+07	4.09396	3.2045	2.1356	11.0167	1.21826	11.0524	1.42195	0	0.473757
advance:adv0.25-0.5	rms	V	3	1212.59	483	6.29234e+07	4.07839	3.08896	2.25244	12.1306	1.4809	12.1651	1.16815	0	0.477823
advance:adv0.25-0.5	rms	V	4	1533.98	484	6.3143e+07	3.9543	3.21393	2.36657	10.8743	1.09911	10.9078	1.22516	0	0.482052
advance:adv0.25-0.5	rms	V	5	1918.53	446	6.31636e+07	4.11047	3.38744	2.49629	11.6174	1.17361	11.6526	1.33188	0	0.465139
advance:adv0.25-0.5	share	V	0	198.585	594	6.29317e+07	3.92654	2.78421	1.84666	7.36536	1.06482	11.076	1.14035	0	0.501408
advance:adv0.25-0.5	share	V	1	502.479	458	6.30226e+07	3.87709	2.78942	1.97703	7.54009	1.54123	11.1596	1.02659	0	0.507954
advance:adv0.25-0.5	share	V	2	900.031	608	6.32329e+07	4.09396	3.2045	2.1356	7.40937	1.51193	11.0524	1.42195	0	0.473757
advance:adv0.25-0.5	share	V	3	1212.59	483	6.29234e+07	4.07839	3.08896	2.25244	8.657	1.48114	12.1651	1.16815	0	0.477823
advance:adv0.25-0.5	share	V	4	1533.98	484	6.3143e+07	3.9543	3.21393	2.36657	8.07825	1.26129	10.9078	1.22516	0	0.482052
advance:adv0.25-0.5	share	V	5	1918.53	446	6.31636e+07	4.11047	3.38744	2.49629	8.59339	1.07978	11.6526	1.33188	0	0.465139
advance:adv0.25-0.5	rms	W	0	220.913	743	3.5417e+07	4.2371	1.82901	0.604398	14.3249	4.18223	14.973	0.897985	0	0.591144
advance:adv0.25-0.5	rms	W	1	580.454	565	3.53869e+07	3.06493	2.06265	0.977275	5.85649	2.24875	6.09431	0.874219	0	0.654824
advance:adv0.25-0.5	rms	W	2	854.444	658	3.54459e+07	3.68329	2.22319	1.18512	9.89138	3.64234	10.0285	0.912646	0	0.627397
advance:adv0.25-0.5	rms	W	3	1186.62	699	3.54396e+07	4.19079	2.47937	1.3962	13.2823	3.73162	13.3648	1.06479	0	0.548852
advance:adv0.25-0.5	rms	W	4	1602.48	698	3.54377e+07	3.87859	2.60073	1.6222	10.8524	3.17242	10.9112	1.04242	0	0.559378
advance:adv0.25-0.5	rms	W	5	1991.88	754	3.54298e+07	3.6424	2.65398	1.80839	9.43885	2.23253	9.49376	0.953723	0	0.581639
advance:adv0.25-0.5	share	W	0	220.913	743	3.5417e+07	4.2371	1.82901	0.604398	4.67428	1.66675	14.973	0.897985	0	0.591144
advance:adv0.25-0.5	share	W	1	580.454	565	3.53869e+07	3.06493	2.06265	0.977275	2.76514	0.885177	6.09431	0.874219	0	0.654824
advance:adv0.25-0.5	share	W	2	854.444	658	3.54459e+07	3.68329	2.22319	1.18512	3.40686	0.995235	10.0285	0.912646	0	0.627397
advance:adv0.25-0.5	share	W	3	1186.62	699	3.54396e+07	4.19079	2.47937	1.3962	5.67606	1.55345	13.3648	1.06479	0	0.548852
advance:adv0.25-0.5	share	W	4	1602.48	698	3.54377e+07	3.87859	2.60073	1.6222	5.31333	1.54939	10.9112	1.04242	0	0.559378
advance:adv0.25-0.5	share	W	5	1991.88	754	3.54298e+07	3.6424	2.65398	1.80839	4.82092	0.859211	9.49376	0.953723	0	0.581639
